orderId,Account,Order ID,B/S,Contract,Product,Product Description,avgPrice,filledQty,Fill Time,lastCommandId,Status,_priceFormat,_priceFormatType,_tickSize,spreadDefinitionId,Version ID,Timestamp,Date,Quantity,Text,Type,Limit Price,Stop Price,decimalLimit,decimalStop,Filled Qty,Avg Fill Price,decimalFillAvg
245914877114,TAKEPROFIT6215429,245914877114, Buy,MNQU5,MNQ,Micro E-mini NASDAQ-100,22559.1,10,01/03/2025 10:01:13,245914877114, Filled,-2,0,0.25,,245914877114,01/03/2025 10:01:13,01/03/25,10,Tradingview, Market,,,,,10,22559.10,22559.1
245914879869,TAKEPROFIT6215429,245914879869, Sell,MNQU5,MNQ,Micro E-mini NASDAQ-100,22204.173514229024,10,01/03/2025 17:42:13,245914879869, Filled,-2,0,0.25,,245914879869,01/03/2025 17:42:13,01/03/25,10,Exit, Market,,,,,10,22204.17,22204.173514229024
245914873954,TAKEPROFIT6215418,245914873954, Buy,MNQU5,MNQ,Micro E-mini NASDAQ-100,23427.3,10,01/05/2025 13:21:28,245914873954, Filled,-2,0,0.25,,245914873954,01/05/2025 13:21:28,01/05/25,10,Tradingview, Market,,,,,10,23427.30,23427.3
245914874758,TAKEPROFIT6215418,245914874758, Sell,MNQU5,MNQ,Micro E-mini NASDAQ-100,22958.870594537773,10,01/05/2025 15:17:28,245914874758, Filled,-2,0,0.25,,245914874758,01/05/2025 15:17:28,01/05/25,10,Exit, Market,,,,,10,22958.87,22958.870594537773
245914872732,TAKEPROFIT6215437,245914872732, Buy,MNQU5,MNQ,Micro E-mini NASDAQ-100,23811.3,2,01/08/2025 10:22:44,245914872732, Filled,-2,0,0.25,,245914872732,01/08/2025 10:22:44,01/08/25,2,Tradingview, Market,,,,,2,23811.30,23811.3
245914873123,TAKEPROFIT6215437,245914873123, Sell,MNQU5,MNQ,Micro E-mini NASDAQ-100,23543.027885308307,2,01/08/2025 15:54:44,245914873123, Filled,-2,0,0.25,,245914873123,01/08/2025 15:54:44,01/08/25,2,Exit, Market,,,,,2,23543.03,23543.027885308307
245914870467,TAKEPROFIT6215433,245914870467, Buy,MNQU5,MNQ,Micro E-mini NASDAQ-100,22682.55,2,01/09/2025 10:39:57,245914870467, Filled,-2,0,0.25,,245914870467,01/09/2025 10:39:57,01/09/25,2,Tradingview, Market,,,,,2,22682.55,22682.55
245914871203,TAKEPROFIT6215433,245914871203, Sell,MNQU5,MNQ,Micro E-mini NASDAQ-100,22502.954724369956,2,01/09/2025 18:29:57,245914871203, Filled,-2,0,0.25,,245914871203,01/09/2025 18:29:57,01/09/25,2,Exit, Market,,,,,2,22502.95,22502.954724369956
245914871657,TAKEPROFIT6215422,245914871657, Buy,MNQU5,MNQ,Micro E-mini NASDAQ-100,23872.58,5,01/10/2025 13:27:48,245914871657, Filled,-2,0,0.25,,245914871657,01/10/2025 13:27:48,01/10/25,5,Tradingview, Market,,,,,5,23872.58,23872.58
245914879657,TAKEPROFIT6215422,245914879657, Sell,MNQU5,MNQ,Micro E-mini NASDAQ-100,24327.322666727712,5,01/10/2025 17:29:48,245914879657, Filled,-2,0,0.25,,245914879657,01/10/2025 17:29:48,01/10/25,5,Exit, Market,,,,,5,24327.32,24327.322666727712
245914870749,TAKEPROFIT6215418,245914870749, Buy,MNQU5,MNQ,Micro E-mini NASDAQ-100,22310.0,2,01/11/2025 09:57:15,245914870749, Filled,-2,0,0.25,,245914870749,01/11/2025 09:57:15,01/11/25,2,Tradingview, Market,,,,,2,22310.00,22310.0
245914877675,TAKEPROFIT6215418,245914877675, Sell,MNQU5,MNQ,Micro E-mini NASDAQ-100,22249.488426009004,2,01/11/2025 10:03:15,245914877675, Filled,-2,0,0.25,,245914877675,01/11/2025 10:03:15,01/11/25,2,Exit, Market,,,,,2,22249.49,22249.488426009004
245914872811,TAKEPROFIT6215418,245914872811, Buy,MNQU5,MNQ,Micro E-mini NASDAQ-100,22076.5,1,01/11/2025 12:44:20,245914872811, Filled,-2,0,0.25,,245914872811,01/11/2025 12:44:20,01/11/25,1,Tradingview, Market,,,,,1,22076.50,22076.5
245914872832,TAKEPROFIT6215418,245914872832, Sell,MNQU5,MNQ,Micro E-mini NASDAQ-100,21655.7240848823,1,01/11/2025 18:05:20,245914872832, Filled,-2,0,0.25,,245914872832,01/11/2025 18:05:20,01/11/25,1,Exit, Market,,,,,1,21655.72,21655.7240848823
245914874315,TAKEPROFIT6215420,245914874315, Buy,MNQU5,MNQ,Micro E-mini NASDAQ-100,22903.33,3,01/14/2025 09:02:49,245914874315, Filled,-2,0,0.25,,245914874315,01/14/2025 09:02:49,01/14/25,3,Tradingview, Market,,,,,3,22903.33,22903.33
245914875958,TAKEPROFIT6215437,245914875958, Buy,MNQU5,MNQ,Micro E-mini NASDAQ-100,22113.01,1,01/14/2025 11:08:39,245914875958, Filled,-2,0,0.25,,245914875958,01/14/2025 11:08:39,01/14/25,1,Tradingview, Market,,,,,1,22113.01,22113.01
245914876455,TAKEPROFIT6215422,245914876455, Buy,MNQU5,MNQ,Micro E-mini NASDAQ-100,22760.67,10,01/14/2025 12:07:14,245914876455, Filled,-2,0,0.25,,245914876455,01/14/2025 12:07:14,01/14/25,10,Tradingview, Market,,,,,10,22760.67,22760.67
245914876142,TAKEPROFIT6215437,245914876142, Sell,MNQU5,MNQ,Micro E-mini NASDAQ-100,21839.00886745307,1,01/14/2025 12:26:39,245914876142, Filled,-2,0,0.25,,245914876142,01/14/2025 12:26:39,01/14/25,1,Exit, Market,,,,,1,21839.01,21839.00886745307
245914872905,TAKEPROFIT6215420,245914872905, Sell,MNQU5,MNQ,Micro E-mini NASDAQ-100,23265.57355869993,3,01/14/2025 15:41:49,245914872905, Filled,-2,0,0.25,,245914872905,01/14/2025 15:41:49,01/14/25,3,Exit, Market,,,,,3,23265.57,23265.57355869993
245914871291,TAKEPROFIT6215422,245914871291, Sell,MNQU5,MNQ,Micro E-mini NASDAQ-100,22947.820727519236,10,01/14/2025 16:38:14,245914871291, Filled,-2,0,0.25,,245914871291,01/14/2025 16:38:14,01/14/25,10,Exit, Market,,,,,10,22947.82,22947.820727519236
245914871845,TAKEPROFIT6215437,245914871845, Buy,MNQU5,MNQ,Micro E-mini NASDAQ-100,23267.29,3,01/16/2025 15:52:17,245914871845, Filled,-2,0,0.25,,245914871845,01/16/2025 15:52:17,01/16/25,3,Tradingview, Market,,,,,3,23267.29,23267.29
245914876662,TAKEPROFIT6215437,245914876662, Sell,MNQU5,MNQ,Micro E-mini NASDAQ-100,23364.183237525198,3,01/16/2025 19:36:17,245914876662, Filled,-2,0,0.25,,245914876662,01/16/2025 19:36:17,01/16/25,3,Exit, Market,,,,,3,23364.18,23364.183237525198
245914874736,TAKEPROFIT6215431,245914874736, Buy,MNQU5,MNQ,Micro E-mini NASDAQ-100,22761.8,5,01/17/2025 12:29:35,245914874736, Filled,-2,0,0.25,,245914874736,01/17/2025 12:29:35,01/17/25,5,Tradingview, Market,,,,,5,22761.80,22761.8
245914877035,TAKEPROFIT6215428,245914877035, Buy,MNQU5,MNQ,Micro E-mini NASDAQ-100,23832.34,10,01/17/2025 15:57:16,245914877035, Filled,-2,0,0.25,,245914877035,01/17/2025 15:57:16,01/17/25,10,Tradingview, Market,,,,,10,23832.34,23832.34
245914871208,TAKEPROFIT6215431,245914871208, Sell,MNQU5,MNQ,Micro E-mini NASDAQ-100,23020.1454158986,5,01/17/2025 18:48:35,245914871208, Filled,-2,0,0.25,,245914871208,01/17/2025 18:48:35,01/17/25,5,Exit, Market,,,,,5,23020.15,23020.1454158986
245914877272,TAKEPROFIT6215428,245914877272, Sell,MNQU5,MNQ,Micro E-mini NASDAQ-100,24132.981951297057,10,01/17/2025 19:35:16,245914877272, Filled,-2,0,0.25,,245914877272,01/17/2025 19:35:16,01/17/25,10,Exit, Market,,,,,10,24132.98,24132.981951297057
245914874773,TAKEPROFIT6215434,245914874773, Buy,MNQU5,MNQ,Micro E-mini NASDAQ-100,22496.5,1,01/18/2025 10:04:41,245914874773, Filled,-2,0,0.25,,245914874773,01/18/2025 10:04:41,01/18/25,1,Tradingview, Market,,,,,1,22496.50,22496.5
245914874579,TAKEPROFIT6215434,245914874579, Sell,MNQU5,MNQ,Micro E-mini NASDAQ-100,22494.118445384876,1,01/18/2025 14:00:41,245914874579, Filled,-2,0,0.25,,245914874579,01/18/2025 14:00:41,01/18/25,1,Exit, Market,,,,,1,22494.12,22494.118445384876
245914878540,TAKEPROFIT6215423,245914878540, Buy,MNQU5,MNQ,Micro E-mini NASDAQ-100,23912.63,10,01/20/2025 13:27:27,245914878540, Filled,-2,0,0.25,,245914878540,01/20/2025 13:27:27,01/20/25,10,Tradingview, Market,,,,,10,23912.63,23912.63
245914872862,TAKEPROFIT6215427,245914872862, Buy,MNQU5,MNQ,Micro E-mini NASDAQ-100,23575.53,5,01/20/2025 15:44:39,245914872862, Filled,-2,0,0.25,,245914872862,01/20/2025 15:44:39,01/20/25,5,Tradingview, Market,,,,,5,23575.53,23575.53
245914876563,TAKEPROFIT6215436,245914876563, Buy,MNQU5,MNQ,Micro E-mini NASDAQ-100,22691.59,2,01/20/2025 15:58:33,245914876563, Filled,-2,0,0.25,,245914876563,01/20/2025 15:58:33,01/20/25,2,Tradingview, Market,,,,,2,22691.59,22691.59
245914872801,TAKEPROFIT6215427,245914872801, Sell,MNQU5,MNQ,Micro E-mini NASDAQ-100,23154.543955356272,5,01/20/2025 17:41:39,245914872801, Filled,-2,0,0.25,,245914872801,01/20/2025 17:41:39,01/20/25,5,Exit, Market,,,,,5,23154.54,23154.543955356272
245914873759,TAKEPROFIT6215436,245914873759, Sell,MNQU5,MNQ,Micro E-mini NASDAQ-100,22352.977595673663,2,01/20/2025 18:34:33,245914873759, Filled,-2,0,0.25,,245914873759,01/20/2025 18:34:33,01/20/25,2,Exit, Market,,,,,2,22352.98,22352.977595673663
245914877823,TAKEPROFIT6215423,245914877823, Sell,MNQU5,MNQ,Micro E-mini NASDAQ-100,24146.43431233653,10,01/20/2025 21:23:27,245914877823, Filled,-2,0,0.25,,245914877823,01/20/2025 21:23:27,01/20/25,10,Exit, Market,,,,,10,24146.43,24146.43431233653
245914878483,TAKEPROFIT6215433,245914878483, Buy,MNQU5,MNQ,Micro E-mini NASDAQ-100,23767.95,5,01/24/2025 09:55:31,245914878483, Filled,-2,0,0.25,,245914878483,01/24/2025 09:55:31,01/24/25,5,Tradingview, Market,,,,,5,23767.95,23767.95
245914876272,TAKEPROFIT6215433,245914876272, Sell,MNQU5,MNQ,Micro E-mini NASDAQ-100,23362.550239118133,5,01/24/2025 12:17:31,245914876272, Filled,-2,0,0.25,,245914876272,01/24/2025 12:17:31,01/24/25,5,Exit, Market,,,,,5,23362.55,23362.550239118133
245914878501,TAKEPROFIT6215426,245914878501, Buy,MNQU5,MNQ,Micro E-mini NASDAQ-100,23038.83,1,01/25/2025 09:51:13,245914878501, Filled,-2,0,0.25,,245914878501,01/25/2025 09:51:13,01/25/25,1,Tradingview, Market,,,,,1,23038.83,23038.83
245914879103,TAKEPROFIT6215436,245914879103, Buy,MNQU5,MNQ,Micro E-mini NASDAQ-100,22512.82,1,01/25/2025 10:05:23,245914879103, Filled,-2,0,0.25,,245914879103,01/25/2025 10:05:23,01/25/25,1,Tradingview, Market,,,,,1,22512.82,22512.82
245914876431,TAKEPROFIT6215436,245914876431, Sell,MNQU5,MNQ,Micro E-mini NASDAQ-100,22599.057753501304,1,01/25/2025 11:42:23,245914876431, Filled,-2,0,0.25,,245914876431,01/25/2025 11:42:23,01/25/25,1,Exit, Market,,,,,1,22599.06,22599.057753501304
245914871693,TAKEPROFIT6215418,245914871693, Buy,MNQU5,MNQ,Micro E-mini NASDAQ-100,23521.75,2,01/25/2025 12:02:51,245914871693, Filled,-2,0,0.25,,245914871693,01/25/2025 12:02:51,01/25/25,2,Tradingview, Market,,,,,2,23521.75,23521.75
245914877474,TAKEPROFIT6215418,245914877474, Sell,MNQU5,MNQ,Micro E-mini NASDAQ-100,23260.24271660697,2,01/25/2025 14:33:51,245914877474, Filled,-2,0,0.25,,245914877474,01/25/2025 14:33:51,01/25/25,2,Exit, Market,,,,,2,23260.24,23260.24271660697
245914875690,TAKEPROFIT6215426,245914875690, Sell,MNQU5,MNQ,Micro E-mini NASDAQ-100,23218.4775778192,1,01/25/2025 14:53:13,245914875690, Filled,-2,0,0.25,,245914875690,01/25/2025 14:53:13,01/25/25,1,Exit, Market,,,,,1,23218.48,23218.4775778192
245914872171,TAKEPROFIT6215424,245914872171, Buy,MNQU5,MNQ,Micro E-mini NASDAQ-100,23520.12,5,01/27/2025 14:56:55,245914872171, Filled,-2,0,0.25,,245914872171,01/27/2025 14:56:55,01/27/25,5,Tradingview, Market,,,,,5,23520.12,23520.12
245914875069,TAKEPROFIT6215424,245914875069, Sell,MNQU5,MNQ,Micro E-mini NASDAQ-100,23550.398764181078,5,01/27/2025 17:43:55,245914875069, Filled,-2,0,0.25,,245914875069,01/27/2025 17:43:55,01/27/25,5,Exit, Market,,,,,5,23550.40,23550.398764181078
245914875591,TAKEPROFIT6215432,245914875591, Buy,MNQU5,MNQ,Micro E-mini NASDAQ-100,23128.87,10,01/29/2025 12:22:20,245914875591, Filled,-2,0,0.25,,245914875591,01/29/2025 12:22:20,01/29/25,10,Tradingview, Market,,,,,10,23128.87,23128.87
245914879923,TAKEPROFIT6215432,245914879923, Sell,MNQU5,MNQ,Micro E-mini NASDAQ-100,22972.143092910264,10,01/29/2025 14:43:20,245914879923, Filled,-2,0,0.25,,245914879923,01/29/2025 14:43:20,01/29/25,10,Exit, Market,,,,,10,22972.14,22972.143092910264
245914870871,TAKEPROFIT6215419,245914870871, Buy,MNQU5,MNQ,Micro E-mini NASDAQ-100,23677.5,1,01/30/2025 10:41:22,245914870871, Filled,-2,0,0.25,,245914870871,01/30/2025 10:41:22,01/30/25,1,Tradingview, Market,,,,,1,23677.50,23677.5
245914877892,TAKEPROFIT6215428,245914877892, Buy,MNQU5,MNQ,Micro E-mini NASDAQ-100,22174.07,2,01/30/2025 13:21:04,245914877892, Filled,-2,0,0.25,,245914877892,01/30/2025 13:21:04,01/30/25,2,Tradingview, Market,,,,,2,22174.07,22174.07
245914874192,TAKEPROFIT6215428,245914874192, Sell,MNQU5,MNQ,Micro E-mini NASDAQ-100,21853.241057089028,2,01/30/2025 13:26:04,245914874192, Filled,-2,0,0.25,,245914874192,01/30/2025 13:26:04,01/30/25,2,Exit, Market,,,,,2,21853.24,21853.241057089028
245914877772,TAKEPROFIT6215419,245914877772, Sell,MNQU5,MNQ,Micro E-mini NASDAQ-100,23537.64424310843,1,01/30/2025 16:26:22,245914877772, Filled,-2,0,0.25,,245914877772,01/30/2025 16:26:22,01/30/25,1,Exit, Market,,,,,1,23537.64,23537.64424310843
245914871332,TAKEPROFIT6215426,245914871332, Buy,MNQU5,MNQ,Micro E-mini NASDAQ-100,22146.11,3,01/31/2025 14:16:59,245914871332, Filled,-2,0,0.25,,245914871332,01/31/2025 14:16:59,01/31/25,3,Tradingview, Market,,,,,3,22146.11,22146.11
245914874142,TAKEPROFIT6215426,245914874142, Sell,MNQU5,MNQ,Micro E-mini NASDAQ-100,22004.66623522551,3,01/31/2025 17:11:59,245914874142, Filled,-2,0,0.25,,245914874142,01/31/2025 17:11:59,01/31/25,3,Exit, Market,,,,,3,22004.67,22004.66623522551
245914878786,TAKEPROFIT6215432,245914878786, Buy,MNQU5,MNQ,Micro E-mini NASDAQ-100,23591.01,2,02/01/2025 13:11:41,245914878786, Filled,-2,0,0.25,,245914878786,02/01/2025 13:11:41,02/01/25,2,Tradingview, Market,,,,,2,23591.01,23591.01
245914876101,TAKEPROFIT6215425,245914876101, Buy,MNQU5,MNQ,Micro E-mini NASDAQ-100,23338.28,2,02/01/2025 15:55:05,245914876101, Filled,-2,0,0.25,,245914876101,02/01/2025 15:55:05,02/01/25,2,Tradingview, Market,,,,,2,23338.28,23338.28
245914875780,TAKEPROFIT6215432,245914875780, Sell,MNQU5,MNQ,Micro E-mini NASDAQ-100,23429.914109964957,2,02/01/2025 20:02:41,245914875780, Filled,-2,0,0.25,,245914875780,02/01/2025 20:02:41,02/01/25,2,Exit, Market,,,,,2,23429.91,23429.914109964957
245914877948,TAKEPROFIT6215425,245914877948, Sell,MNQU5,MNQ,Micro E-mini NASDAQ-100,22937.156238020365,2,02/01/2025 20:55:05,245914877948, Filled,-2,0,0.25,,245914877948,02/01/2025 20:55:05,02/01/25,2,Exit, Market,,,,,2,22937.16,22937.156238020365
245914877892,TAKEPROFIT6215422,245914877892, Buy,MNQU5,MNQ,Micro E-mini NASDAQ-100,22072.0,3,02/02/2025 10:02:38,245914877892, Filled,-2,0,0.25,,245914877892,02/02/2025 10:02:38,02/02/25,3,Tradingview, Market,,,,,3,22072.00,22072.0
245914878538,TAKEPROFIT6215422,245914878538, Sell,MNQU5,MNQ,Micro E-mini NASDAQ-100,22305.93116760594,3,02/02/2025 16:57:38,245914878538, Filled,-2,0,0.25,,245914878538,02/02/2025 16:57:38,02/02/25,3,Exit, Market,,,,,3,22305.93,22305.93116760594
245914873553,TAKEPROFIT6215423,245914873553, Buy,MNQU5,MNQ,Micro E-mini NASDAQ-100,23268.02,2,02/04/2025 12:34:22,245914873553, Filled,-2,0,0.25,,245914873553,02/04/2025 12:34:22,02/04/25,2,Tradingview, Market,,,,,2,23268.02,23268.02
245914872137,TAKEPROFIT6215423,245914872137, Sell,MNQU5,MNQ,Micro E-mini NASDAQ-100,23056.805119251876,2,02/04/2025 17:39:22,245914872137, Filled,-2,0,0.25,,245914872137,02/04/2025 17:39:22,02/04/25,2,Exit, Market,,,,,2,23056.81,23056.805119251876
245914873319,TAKEPROFIT6215426,245914873319, Buy,MNQU5,MNQ,Micro E-mini NASDAQ-100,22495.39,10,02/06/2025 12:40:00,245914873319, Filled,-2,0,0.25,,245914873319,02/06/2025 12:40:00,02/06/25,10,Tradingview, Market,,,,,10,22495.39,22495.39
245914874911,TAKEPROFIT6215426,245914874911, Sell,MNQU5,MNQ,Micro E-mini NASDAQ-100,22246.138040545982,10,02/06/2025 14:18:00,245914874911, Filled,-2,0,0.25,,245914874911,02/06/2025 14:18:00,02/06/25,10,Exit, Market,,,,,10,22246.14,22246.138040545982
245914879066,TAKEPROFIT6215418,245914879066, Buy,MNQU5,MNQ,Micro E-mini NASDAQ-100,22149.23,2,02/06/2025 15:03:19,245914879066, Filled,-2,0,0.25,,245914879066,02/06/2025 15:03:19,02/06/25,2,Tradingview, Market,,,,,2,22149.23,22149.23
245914873198,TAKEPROFIT6215418,245914873198, Sell,MNQU5,MNQ,Micro E-mini NASDAQ-100,21875.844279008496,2,02/06/2025 16:14:19,245914873198, Filled,-2,0,0.25,,245914873198,02/06/2025 16:14:19,02/06/25,2,Exit, Market,,,,,2,21875.84,21875.844279008496
245914877613,TAKEPROFIT6215422,245914877613, Buy,MNQU5,MNQ,Micro E-mini NASDAQ-100,23014.44,2,02/07/2025 13:05:34,245914877613, Filled,-2,0,0.25,,245914877613,02/07/2025 13:05:34,02/07/25,2,Tradingview, Market,,,,,2,23014.44,23014.44
245914872958,TAKEPROFIT6215422,245914872958, Sell,MNQU5,MNQ,Micro E-mini NASDAQ-100,23131.80134070819,2,02/07/2025 18:16:34,245914872958, Filled,-2,0,0.25,,245914872958,02/07/2025 18:16:34,02/07/25,2,Exit, Market,,,,,2,23131.80,23131.80134070819
245914871629,TAKEPROFIT6215437,245914871629, Buy,MNQU5,MNQ,Micro E-mini NASDAQ-100,22886.91,5,02/08/2025 12:57:52,245914871629, Filled,-2,0,0.25,,245914871629,02/08/2025 12:57:52,02/08/25,5,Tradingview, Market,,,,,5,22886.91,22886.91
245914872933,TAKEPROFIT6215437,245914872933, Sell,MNQU5,MNQ,Micro E-mini NASDAQ-100,23033.91054849761,5,02/08/2025 18:55:52,245914872933, Filled,-2,0,0.25,,245914872933,02/08/2025 18:55:52,02/08/25,5,Exit, Market,,,,,5,23033.91,23033.91054849761
245914870091,TAKEPROFIT6215433,245914870091, Buy,MNQU5,MNQ,Micro E-mini NASDAQ-100,23727.52,10,02/09/2025 15:09:52,245914870091, Filled,-2,0,0.25,,245914870091,02/09/2025 15:09:52,02/09/25,10,Tradingview, Market,,,,,10,23727.52,23727.52
245914879684,TAKEPROFIT6215433,245914879684, Sell,MNQU5,MNQ,Micro E-mini NASDAQ-100,23281.536660961567,10,02/09/2025 21:02:52,245914879684, Filled,-2,0,0.25,,245914879684,02/09/2025 21:02:52,02/09/25,10,Exit, Market,,,,,10,23281.54,23281.536660961567
245914873474,TAKEPROFIT6215433,245914873474, Buy,MNQU5,MNQ,Micro E-mini NASDAQ-100,23546.03,2,02/11/2025 11:21:35,245914873474, Filled,-2,0,0.25,,245914873474,02/11/2025 11:21:35,02/11/25,2,Tradingview, Market,,,,,2,23546.03,23546.03
245914876404,TAKEPROFIT6215420,245914876404, Buy,MNQU5,MNQ,Micro E-mini NASDAQ-100,22268.13,1,02/11/2025 11:34:50,245914876404, Filled,-2,0,0.25,,245914876404,02/11/2025 11:34:50,02/11/25,1,Tradingview, Market,,,,,1,22268.13,22268.13
245914872056,TAKEPROFIT6215420,245914872056, Sell,MNQU5,MNQ,Micro E-mini NASDAQ-100,22283.218682587034,1,02/11/2025 13:43:50,245914872056, Filled,-2,0,0.25,,245914872056,02/11/2025 13:43:50,02/11/25,1,Exit, Market,,,,,1,22283.22,22283.218682587034
245914871050,TAKEPROFIT6215433,245914871050, Sell,MNQU5,MNQ,Micro E-mini NASDAQ-100,23140.69774655433,2,02/11/2025 16:39:35,245914871050, Filled,-2,0,0.25,,245914871050,02/11/2025 16:39:35,02/11/25,2,Exit, Market,,,,,2,23140.70,23140.69774655433
245914878992,TAKEPROFIT6215425,245914878992, Buy,MNQU5,MNQ,Micro E-mini NASDAQ-100,23215.44,1,02/12/2025 10:37:09,245914878992, Filled,-2,0,0.25,,245914878992,02/12/2025 10:37:09,02/12/25,1,Tradingview, Market,,,,,1,23215.44,23215.44
245914874389,TAKEPROFIT6215425,245914874389, Sell,MNQU5,MNQ,Micro E-mini NASDAQ-100,23045.108082143248,1,02/12/2025 11:19:09,245914874389, Filled,-2,0,0.25,,245914874389,02/12/2025 11:19:09,02/12/25,1,Exit, Market,,,,,1,23045.11,23045.108082143248
245914877157,TAKEPROFIT6215425,245914877157, Buy,MNQU5,MNQ,Micro E-mini NASDAQ-100,22906.48,1,02/14/2025 15:04:55,245914877157, Filled,-2,0,0.25,,245914877157,02/14/2025 15:04:55,02/14/25,1,Tradingview, Market,,,,,1,22906.48,22906.48
245914872437,TAKEPROFIT6215425,245914872437, Sell,MNQU5,MNQ,Micro E-mini NASDAQ-100,23021.26506636975,1,02/14/2025 15:17:55,245914872437, Filled,-2,0,0.25,,245914872437,02/14/2025 15:17:55,02/14/25,1,Exit, Market,,,,,1,23021.27,23021.26506636975
245914875029,TAKEPROFIT6215431,245914875029, Buy,MNQU5,MNQ,Micro E-mini NASDAQ-100,23600.91,3,02/15/2025 09:04:59,245914875029, Filled,-2,0,0.25,,245914875029,02/15/2025 09:04:59,02/15/25,3,Tradingview, Market,,,,,3,23600.91,23600.91
245914874350,TAKEPROFIT6215431,245914874350, Sell,MNQU5,MNQ,Micro E-mini NASDAQ-100,23571.165418003176,3,02/15/2025 09:15:59,245914874350, Filled,-2,0,0.25,,245914874350,02/15/2025 09:15:59,02/15/25,3,Exit, Market,,,,,3,23571.17,23571.165418003176
245914876089,TAKEPROFIT6215424,245914876089, Buy,MNQU5,MNQ,Micro E-mini NASDAQ-100,23663.5,10,02/16/2025 11:37:48,245914876089, Filled,-2,0,0.25,,245914876089,02/16/2025 11:37:48,02/16/25,10,Tradingview, Market,,,,,10,23663.50,23663.5
245914872202,TAKEPROFIT6215420,245914872202, Buy,MNQU5,MNQ,Micro E-mini NASDAQ-100,23928.53,10,02/16/2025 12:04:26,245914872202, Filled,-2,0,0.25,,245914872202,02/16/2025 12:04:26,02/16/25,10,Tradingview, Market,,,,,10,23928.53,23928.53
245914871310,TAKEPROFIT6215424,245914871310, Sell,MNQU5,MNQ,Micro E-mini NASDAQ-100,23528.513463001644,10,02/16/2025 12:30:48,245914871310, Filled,-2,0,0.25,,245914871310,02/16/2025 12:30:48,02/16/25,10,Exit, Market,,,,,10,23528.51,23528.513463001644
245914870011,TAKEPROFIT6215419,245914870011, Buy,MNQU5,MNQ,Micro E-mini NASDAQ-100,23892.02,10,02/16/2025 15:10:58,245914870011, Filled,-2,0,0.25,,245914870011,02/16/2025 15:10:58,02/16/25,10,Tradingview, Market,,,,,10,23892.02,23892.02
245914876199,TAKEPROFIT6215419,245914876199, Sell,MNQU5,MNQ,Micro E-mini NASDAQ-100,23929.675096589624,10,02/16/2025 15:21:58,245914876199, Filled,-2,0,0.25,,245914876199,02/16/2025 15:21:58,02/16/25,10,Exit, Market,,,,,10,23929.68,23929.675096589624
245914872137,TAKEPROFIT6215420,245914872137, Sell,MNQU5,MNQ,Micro E-mini NASDAQ-100,23972.7522272501,10,02/16/2025 18:51:26,245914872137, Filled,-2,0,0.25,,245914872137,02/16/2025 18:51:26,02/16/25,10,Exit, Market,,,,,10,23972.75,23972.7522272501
245914875058,TAKEPROFIT6215434,245914875058, Buy,MNQU5,MNQ,Micro E-mini NASDAQ-100,23785.39,2,02/17/2025 15:38:46,245914875058, Filled,-2,0,0.25,,245914875058,02/17/2025 15:38:46,02/17/25,2,Tradingview, Market,,,,,2,23785.39,23785.39
245914878220,TAKEPROFIT6215434,245914878220, Sell,MNQU5,MNQ,Micro E-mini NASDAQ-100,24138.95113665035,2,02/17/2025 17:51:46,245914878220, Filled,-2,0,0.25,,245914878220,02/17/2025 17:51:46,02/17/25,2,Exit, Market,,,,,2,24138.95,24138.95113665035
245914874539,TAKEPROFIT6215422,245914874539, Buy,MNQU5,MNQ,Micro E-mini NASDAQ-100,23646.92,3,02/19/2025 13:33:45,245914874539, Filled,-2,0,0.25,,245914874539,02/19/2025 13:33:45,02/19/25,3,Tradingview, Market,,,,,3,23646.92,23646.92
245914874630,TAKEPROFIT6215422,245914874630, Sell,MNQU5,MNQ,Micro E-mini NASDAQ-100,24004.40187508665,3,02/19/2025 16:37:45,245914874630, Filled,-2,0,0.25,,245914874630,02/19/2025 16:37:45,02/19/25,3,Exit, Market,,,,,3,24004.40,24004.40187508665
245914871897,TAKEPROFIT6215428,245914871897, Buy,MNQU5,MNQ,Micro E-mini NASDAQ-100,22818.59,5,02/20/2025 09:21:51,245914871897, Filled,-2,0,0.25,,245914871897,02/20/2025 09:21:51,02/20/25,5,Tradingview, Market,,,,,5,22818.59,22818.59
245914876953,TAKEPROFIT6215428,245914876953, Sell,MNQU5,MNQ,Micro E-mini NASDAQ-100,22885.763608871403,5,02/20/2025 12:47:51,245914876953, Filled,-2,0,0.25,,245914876953,02/20/2025 12:47:51,02/20/25,5,Exit, Market,,,,,5,22885.76,22885.763608871403
245914877770,TAKEPROFIT6215430,245914877770, Buy,MNQU5,MNQ,Micro E-mini NASDAQ-100,22864.01,2,02/21/2025 11:37:34,245914877770, Filled,-2,0,0.25,,245914877770,02/21/2025 11:37:34,02/21/25,2,Tradingview, Market,,,,,2,22864.01,22864.01
245914875766,TAKEPROFIT6215430,245914875766, Sell,MNQU5,MNQ,Micro E-mini NASDAQ-100,22446.978941068268,2,02/21/2025 18:19:34,245914875766, Filled,-2,0,0.25,,245914875766,02/21/2025 18:19:34,02/21/25,2,Exit, Market,,,,,2,22446.98,22446.978941068268
245914878984,TAKEPROFIT6215436,245914878984, Buy,MNQU5,MNQ,Micro E-mini NASDAQ-100,23857.98,2,02/23/2025 09:31:16,245914878984, Filled,-2,0,0.25,,245914878984,02/23/2025 09:31:16,02/23/25,2,Tradingview, Market,,,,,2,23857.98,23857.98
245914877035,TAKEPROFIT6215430,245914877035, Buy,MNQU5,MNQ,Micro E-mini NASDAQ-100,23527.08,3,02/23/2025 14:31:00,245914877035, Filled,-2,0,0.25,,245914877035,02/23/2025 14:31:00,02/23/25,3,Tradingview, Market,,,,,3,23527.08,23527.08
245914875469,TAKEPROFIT6215436,245914875469, Sell,MNQU5,MNQ,Micro E-mini NASDAQ-100,23402.753788792863,2,02/23/2025 14:42:16,245914875469, Filled,-2,0,0.25,,245914875469,02/23/2025 14:42:16,02/23/25,2,Exit, Market,,,,,2,23402.75,23402.753788792863
245914870794,TAKEPROFIT6215430,245914870794, Sell,MNQU5,MNQ,Micro E-mini NASDAQ-100,23974.781888892056,3,02/23/2025 15:26:00,245914870794, Filled,-2,0,0.25,,245914870794,02/23/2025 15:26:00,02/23/25,3,Exit, Market,,,,,3,23974.78,23974.781888892056
245914871694,TAKEPROFIT6215421,245914871694, Buy,MNQU5,MNQ,Micro E-mini NASDAQ-100,22789.7,2,02/23/2025 15:32:10,245914871694, Filled,-2,0,0.25,,245914871694,02/23/2025 15:32:10,02/23/25,2,Tradingview, Market,,,,,2,22789.70,22789.7
245914876472,TAKEPROFIT6215421,245914876472, Sell,MNQU5,MNQ,Micro E-mini NASDAQ-100,23038.784236076983,2,02/23/2025 23:08:10,245914876472, Filled,-2,0,0.25,,245914876472,02/23/2025 23:08:10,02/23/25,2,Exit, Market,,,,,2,23038.78,23038.784236076983
245914870244,TAKEPROFIT6215425,245914870244, Buy,MNQU5,MNQ,Micro E-mini NASDAQ-100,23324.38,2,02/25/2025 09:01:49,245914870244, Filled,-2,0,0.25,,245914870244,02/25/2025 09:01:49,02/25/25,2,Tradingview, Market,,,,,2,23324.38,23324.38
245914874161,TAKEPROFIT6215427,245914874161, Buy,MNQU5,MNQ,Micro E-mini NASDAQ-100,22459.63,1,02/25/2025 11:16:48,245914874161, Filled,-2,0,0.25,,245914874161,02/25/2025 11:16:48,02/25/25,1,Tradingview, Market,,,,,1,22459.63,22459.63
245914877570,TAKEPROFIT6215425,245914877570, Sell,MNQU5,MNQ,Micro E-mini NASDAQ-100,22870.150782963417,2,02/25/2025 13:04:49,245914877570, Filled,-2,0,0.25,,245914877570,02/25/2025 13:04:49,02/25/25,2,Exit, Market,,,,,2,22870.15,22870.150782963417
245914879017,TAKEPROFIT6215427,245914879017, Sell,MNQU5,MNQ,Micro E-mini NASDAQ-100,22093.754849472076,1,02/25/2025 19:15:48,245914879017, Filled,-2,0,0.25,,245914879017,02/25/2025 19:15:48,02/25/25,1,Exit, Market,,,,,1,22093.75,22093.754849472076
245914870500,TAKEPROFIT6215437,245914870500, Buy,MNQU5,MNQ,Micro E-mini NASDAQ-100,22883.11,3,02/26/2025 13:29:00,245914870500, Filled,-2,0,0.25,,245914870500,02/26/2025 13:29:00,02/26/25,3,Tradingview, Market,,,,,3,22883.11,22883.11
245914874983,TAKEPROFIT6215437,245914874983, Sell,MNQU5,MNQ,Micro E-mini NASDAQ-100,23130.976971833876,3,02/26/2025 13:37:00,245914874983, Filled,-2,0,0.25,,245914874983,02/26/2025 13:37:00,02/26/25,3,Exit, Market,,,,,3,23130.98,23130.976971833876
245914870575,TAKEPROFIT6215433,245914870575, Buy,MNQU5,MNQ,Micro E-mini NASDAQ-100,23951.68,2,02/26/2025 15:46:53,245914870575, Filled,-2,0,0.25,,245914870575,02/26/2025 15:46:53,02/26/25,2,Tradingview, Market,,,,,2,23951.68,23951.68
245914875943,TAKEPROFIT6215433,245914875943, Sell,MNQU5,MNQ,Micro E-mini NASDAQ-100,23752.102869361697,2,02/26/2025 19:45:53,245914875943, Filled,-2,0,0.25,,245914875943,02/26/2025 19:45:53,02/26/25,2,Exit, Market,,,,,2,23752.10,23752.102869361697
245914874979,TAKEPROFIT6215436,245914874979, Buy,MNQU5,MNQ,Micro E-mini NASDAQ-100,23945.82,10,02/27/2025 13:31:07,245914874979, Filled,-2,0,0.25,,245914874979,02/27/2025 13:31:07,02/27/25,10,Tradingview, Market,,,,,10,23945.82,23945.82
245914879156,TAKEPROFIT6215436,245914879156, Sell,MNQU5,MNQ,Micro E-mini NASDAQ-100,24108.217503697873,10,02/27/2025 16:54:07,245914879156, Filled,-2,0,0.25,,245914879156,02/27/2025 16:54:07,02/27/25,10,Exit, Market,,,,,10,24108.22,24108.217503697873
245914879854,TAKEPROFIT6215425,245914879854, Buy,MNQU5,MNQ,Micro E-mini NASDAQ-100,23353.82,10,02/28/2025 12:19:35,245914879854, Filled,-2,0,0.25,,245914879854,02/28/2025 12:19:35,02/28/25,10,Tradingview, Market,,,,,10,23353.82,23353.82
245914870371,TAKEPROFIT6215425,245914870371, Sell,MNQU5,MNQ,Micro E-mini NASDAQ-100,22956.112709680474,10,02/28/2025 16:24:35,245914870371, Filled,-2,0,0.25,,245914870371,02/28/2025 16:24:35,02/28/25,10,Exit, Market,,,,,10,22956.11,22956.112709680474
245914873753,TAKEPROFIT6215422,245914873753, Buy,MNQU5,MNQ,Micro E-mini NASDAQ-100,23081.24,5,03/01/2025 10:37:10,245914873753, Filled,-2,0,0.25,,245914873753,03/01/2025 10:37:10,03/01/25,5,Tradingview, Market,,,,,5,23081.24,23081.24
245914878041,TAKEPROFIT6215422,245914878041, Sell,MNQU5,MNQ,Micro E-mini NASDAQ-100,22828.73072645927,5,03/01/2025 13:09:10,245914878041, Filled,-2,0,0.25,,245914878041,03/01/2025 13:09:10,03/01/25,5,Exit, Market,,,,,5,22828.73,22828.73072645927
245914872185,TAKEPROFIT6215436,245914872185, Buy,MNQU5,MNQ,Micro E-mini NASDAQ-100,23987.08,10,03/01/2025 15:29:38,245914872185, Filled,-2,0,0.25,,245914872185,03/01/2025 15:29:38,03/01/25,10,Tradingview, Market,,,,,10,23987.08,23987.08
245914873171,TAKEPROFIT6215419,245914873171, Buy,MNQU5,MNQ,Micro E-mini NASDAQ-100,23401.17,3,03/01/2025 15:34:35,245914873171, Filled,-2,0,0.25,,245914873171,03/01/2025 15:34:35,03/01/25,3,Tradingview, Market,,,,,3,23401.17,23401.17
245914872698,TAKEPROFIT6215435,245914872698, Buy,MNQU5,MNQ,Micro E-mini NASDAQ-100,22880.99,1,03/01/2025 15:55:41,245914872698, Filled,-2,0,0.25,,245914872698,03/01/2025 15:55:41,03/01/25,1,Tradingview, Market,,,,,1,22880.99,22880.99
245914870977,TAKEPROFIT6215435,245914870977, Sell,MNQU5,MNQ,Micro E-mini NASDAQ-100,23267.41928248004,1,03/01/2025 16:18:41,245914870977, Filled,-2,0,0.25,,245914870977,03/01/2025 16:18:41,03/01/25,1,Exit, Market,,,,,1,23267.42,23267.41928248004
245914874625,TAKEPROFIT6215419,245914874625, Sell,MNQU5,MNQ,Micro E-mini NASDAQ-100,23183.267518681467,3,03/01/2025 16:44:35,245914874625, Filled,-2,0,0.25,,245914874625,03/01/2025 16:44:35,03/01/25,3,Exit, Market,,,,,3,23183.27,23183.267518681467
245914877224,TAKEPROFIT6215436,245914877224, Sell,MNQU5,MNQ,Micro E-mini NASDAQ-100,24449.118735180306,10,03/01/2025 19:44:38,245914877224, Filled,-2,0,0.25,,245914877224,03/01/2025 19:44:38,03/01/25,10,Exit, Market,,,,,10,24449.12,24449.118735180306
245914878206,TAKEPROFIT6215419,245914878206, Buy,MNQU5,MNQ,Micro E-mini NASDAQ-100,22097.05,3,03/02/2025 09:37:16,245914878206, Filled,-2,0,0.25,,245914878206,03/02/2025 09:37:16,03/02/25,3,Tradingview, Market,,,,,3,22097.05,22097.05
245914879180,TAKEPROFIT6215419,245914879180, Sell,MNQU5,MNQ,Micro E-mini NASDAQ-100,22527.315021136015,3,03/02/2025 13:48:16,245914879180, Filled,-2,0,0.25,,245914879180,03/02/2025 13:48:16,03/02/25,3,Exit, Market,,,,,3,22527.32,22527.315021136015
245914876807,TAKEPROFIT6215427,245914876807, Buy,MNQU5,MNQ,Micro E-mini NASDAQ-100,22885.23,10,03/02/2025 15:31:01,245914876807, Filled,-2,0,0.25,,245914876807,03/02/2025 15:31:01,03/02/25,10,Tradingview, Market,,,,,10,22885.23,22885.23
245914875675,TAKEPROFIT6215427,245914875675, Sell,MNQU5,MNQ,Micro E-mini NASDAQ-100,22699.94027550652,10,03/02/2025 20:54:01,245914875675, Filled,-2,0,0.25,,245914875675,03/02/2025 20:54:01,03/02/25,10,Exit, Market,,,,,10,22699.94,22699.94027550652
245914871277,TAKEPROFIT6215434,245914871277, Buy,MNQU5,MNQ,Micro E-mini NASDAQ-100,22099.55,3,03/04/2025 14:04:12,245914871277, Filled,-2,0,0.25,,245914871277,03/04/2025 14:04:12,03/04/25,3,Tradingview, Market,,,,,3,22099.55,22099.55
245914872033,TAKEPROFIT6215434,245914872033, Sell,MNQU5,MNQ,Micro E-mini NASDAQ-100,22467.180801211456,3,03/04/2025 18:05:12,245914872033, Filled,-2,0,0.25,,245914872033,03/04/2025 18:05:12,03/04/25,3,Exit, Market,,,,,3,22467.18,22467.180801211456
245914875207,TAKEPROFIT6215435,245914875207, Buy,MNQU5,MNQ,Micro E-mini NASDAQ-100,22847.85,10,03/05/2025 14:42:51,245914875207, Filled,-2,0,0.25,,245914875207,03/05/2025 14:42:51,03/05/25,10,Tradingview, Market,,,,,10,22847.85,22847.85
245914879166,TAKEPROFIT6215435,245914879166, Sell,MNQU5,MNQ,Micro E-mini NASDAQ-100,22457.845069800696,10,03/05/2025 19:53:51,245914879166, Filled,-2,0,0.25,,245914879166,03/05/2025 19:53:51,03/05/25,10,Exit, Market,,,,,10,22457.85,22457.845069800696
245914873166,TAKEPROFIT6215422,245914873166, Buy,MNQU5,MNQ,Micro E-mini NASDAQ-100,23467.43,1,03/07/2025 09:12:36,245914873166, Filled,-2,0,0.25,,245914873166,03/07/2025 09:12:36,03/07/25,1,Tradingview, Market,,,,,1,23467.43,23467.43
245914878935,TAKEPROFIT6215422,245914878935, Sell,MNQU5,MNQ,Micro E-mini NASDAQ-100,23451.119387753104,1,03/07/2025 10:15:36,245914878935, Filled,-2,0,0.25,,245914878935,03/07/2025 10:15:36,03/07/25,1,Exit, Market,,,,,1,23451.12,23451.119387753104
245914870457,TAKEPROFIT6215418,245914870457, Buy,MNQU5,MNQ,Micro E-mini NASDAQ-100,23781.33,5,03/09/2025 09:20:24,245914870457, Filled,-2,0,0.25,,245914870457,03/09/2025 09:20:24,03/09/25,5,Tradingview, Market,,,,,5,23781.33,23781.33
245914873727,TAKEPROFIT6215428,245914873727, Buy,MNQU5,MNQ,Micro E-mini NASDAQ-100,23762.96,5,03/09/2025 11:44:17,245914873727, Filled,-2,0,0.25,,245914873727,03/09/2025 11:44:17,03/09/25,5,Tradingview, Market,,,,,5,23762.96,23762.96
245914874254,TAKEPROFIT6215425,245914874254, Buy,MNQU5,MNQ,Micro E-mini NASDAQ-100,22832.9,5,03/09/2025 13:00:35,245914874254, Filled,-2,0,0.25,,245914874254,03/09/2025 13:00:35,03/09/25,5,Tradingview, Market,,,,,5,22832.90,22832.9
245914871144,TAKEPROFIT6215419,245914871144, Buy,MNQU5,MNQ,Micro E-mini NASDAQ-100,23295.54,5,03/09/2025 13:58:41,245914871144, Filled,-2,0,0.25,,245914871144,03/09/2025 13:58:41,03/09/25,5,Tradingview, Market,,,,,5,23295.54,23295.54
245914871444,TAKEPROFIT6215418,245914871444, Sell,MNQU5,MNQ,Micro E-mini NASDAQ-100,23411.818826681476,5,03/09/2025 13:59:24,245914871444, Filled,-2,0,0.25,,245914871444,03/09/2025 13:59:24,03/09/25,5,Exit, Market,,,,,5,23411.82,23411.818826681476
245914876164,TAKEPROFIT6215422,245914876164, Buy,MNQU5,MNQ,Micro E-mini NASDAQ-100,22477.61,5,03/09/2025 14:45:13,245914876164, Filled,-2,0,0.25,,245914876164,03/09/2025 14:45:13,03/09/25,5,Tradingview, Market,,,,,5,22477.61,22477.61
245914874908,TAKEPROFIT6215432,245914874908, Buy,MNQU5,MNQ,Micro E-mini NASDAQ-100,22813.88,5,03/09/2025 15:01:40,245914874908, Filled,-2,0,0.25,,245914874908,03/09/2025 15:01:40,03/09/25,5,Tradingview, Market,,,,,5,22813.88,22813.88
245914879837,TAKEPROFIT6215428,245914879837, Sell,MNQU5,MNQ,Micro E-mini NASDAQ-100,23490.628965497588,5,03/09/2025 15:34:17,245914879837, Filled,-2,0,0.25,,245914879837,03/09/2025 15:34:17,03/09/25,5,Exit, Market,,,,,5,23490.63,23490.628965497588
245914873550,TAKEPROFIT6215432,245914873550, Sell,MNQU5,MNQ,Micro E-mini NASDAQ-100,23246.17789815811,5,03/09/2025 16:00:40,245914873550, Filled,-2,0,0.25,,245914873550,03/09/2025 16:00:40,03/09/25,5,Exit, Market,,,,,5,23246.18,23246.17789815811
245914873461,TAKEPROFIT6215422,245914873461, Sell,MNQU5,MNQ,Micro E-mini NASDAQ-100,22203.949095723838,5,03/09/2025 16:06:13,245914873461, Filled,-2,0,0.25,,245914873461,03/09/2025 16:06:13,03/09/25,5,Exit, Market,,,,,5,22203.95,22203.949095723838
245914879394,TAKEPROFIT6215419,245914879394, Sell,MNQU5,MNQ,Micro E-mini NASDAQ-100,23615.08918277328,5,03/09/2025 16:56:41,245914879394, Filled,-2,0,0.25,,245914879394,03/09/2025 16:56:41,03/09/25,5,Exit, Market,,,,,5,23615.09,23615.08918277328
245914870823,TAKEPROFIT6215425,245914870823, Sell,MNQU5,MNQ,Micro E-mini NASDAQ-100,23135.10453952699,5,03/09/2025 19:53:35,245914870823, Filled,-2,0,0.25,,245914870823,03/09/2025 19:53:35,03/09/25,5,Exit, Market,,,,,5,23135.10,23135.10453952699
245914876558,TAKEPROFIT6215424,245914876558, Buy,MNQU5,MNQ,Micro E-mini NASDAQ-100,23628.55,5,03/13/2025 11:52:47,245914876558, Filled,-2,0,0.25,,245914876558,03/13/2025 11:52:47,03/13/25,5,Tradingview, Market,,,,,5,23628.55,23628.55
245914875332,TAKEPROFIT6215433,245914875332, Buy,MNQU5,MNQ,Micro E-mini NASDAQ-100,23029.08,5,03/13/2025 12:32:19,245914875332, Filled,-2,0,0.25,,245914875332,03/13/2025 12:32:19,03/13/25,5,Tradingview, Market,,,,,5,23029.08,23029.08
245914878399,TAKEPROFIT6215433,245914878399, Sell,MNQU5,MNQ,Micro E-mini NASDAQ-100,22765.80560065577,5,03/13/2025 15:47:19,245914878399, Filled,-2,0,0.25,,245914878399,03/13/2025 15:47:19,03/13/25,5,Exit, Market,,,,,5,22765.81,22765.80560065577
245914877460,TAKEPROFIT6215424,245914877460, Sell,MNQU5,MNQ,Micro E-mini NASDAQ-100,23230.049849523966,5,03/13/2025 19:21:47,245914877460, Filled,-2,0,0.25,,245914877460,03/13/2025 19:21:47,03/13/25,5,Exit, Market,,,,,5,23230.05,23230.049849523966
245914872044,TAKEPROFIT6215423,245914872044, Buy,MNQU5,MNQ,Micro E-mini NASDAQ-100,22151.92,3,03/14/2025 10:02:01,245914872044, Filled,-2,0,0.25,,245914872044,03/14/2025 10:02:01,03/14/25,3,Tradingview, Market,,,,,3,22151.92,22151.92
245914875354,TAKEPROFIT6215427,245914875354, Buy,MNQU5,MNQ,Micro E-mini NASDAQ-100,23202.06,2,03/14/2025 10:19:07,245914875354, Filled,-2,0,0.25,,245914875354,03/14/2025 10:19:07,03/14/25,2,Tradingview, Market,,,,,2,23202.06,23202.06
245914873482,TAKEPROFIT6215423,245914873482, Sell,MNQU5,MNQ,Micro E-mini NASDAQ-100,22503.860130903617,3,03/14/2025 12:17:01,245914873482, Filled,-2,0,0.25,,245914873482,03/14/2025 12:17:01,03/14/25,3,Exit, Market,,,,,3,22503.86,22503.860130903617
245914876509,TAKEPROFIT6215427,245914876509, Sell,MNQU5,MNQ,Micro E-mini NASDAQ-100,23182.106045061664,2,03/14/2025 13:13:07,245914876509, Filled,-2,0,0.25,,245914876509,03/14/2025 13:13:07,03/14/25,2,Exit, Market,,,,,2,23182.11,23182.106045061664
245914870202,TAKEPROFIT6215432,245914870202, Buy,MNQU5,MNQ,Micro E-mini NASDAQ-100,23450.63,10,03/15/2025 10:24:15,245914870202, Filled,-2,0,0.25,,245914870202,03/15/2025 10:24:15,03/15/25,10,Tradingview, Market,,,,,10,23450.63,23450.63
245914874779,TAKEPROFIT6215432,245914874779, Buy,MNQU5,MNQ,Micro E-mini NASDAQ-100,22031.16,1,03/15/2025 12:20:39,245914874779, Filled,-2,0,0.25,,245914874779,03/15/2025 12:20:39,03/15/25,1,Tradingview, Market,,,,,1,22031.16,22031.16
245914872477,TAKEPROFIT6215426,245914872477, Buy,MNQU5,MNQ,Micro E-mini NASDAQ-100,22862.51,3,03/15/2025 12:43:09,245914872477, Filled,-2,0,0.25,,245914872477,03/15/2025 12:43:09,03/15/25,3,Tradingview, Market,,,,,3,22862.51,22862.51
245914873935,TAKEPROFIT6215432,245914873935, Sell,MNQU5,MNQ,Micro E-mini NASDAQ-100,21704.963261695917,1,03/15/2025 13:38:39,245914873935, Filled,-2,0,0.25,,245914873935,03/15/2025 13:38:39,03/15/25,1,Exit, Market,,,,,1,21704.96,21704.963261695917
245914871613,TAKEPROFIT6215426,245914871613, Sell,MNQU5,MNQ,Micro E-mini NASDAQ-100,23254.218808551766,3,03/15/2025 14:02:09,245914871613, Filled,-2,0,0.25,,245914871613,03/15/2025 14:02:09,03/15/25,3,Exit, Market,,,,,3,23254.22,23254.218808551766
245914873036,TAKEPROFIT6215428,245914873036, Buy,MNQU5,MNQ,Micro E-mini NASDAQ-100,22060.48,1,03/15/2025 14:45:55,245914873036, Filled,-2,0,0.25,,245914873036,03/15/2025 14:45:55,03/15/25,1,Tradingview, Market,,,,,1,22060.48,22060.48
245914873844,TAKEPROFIT6215419,245914873844, Buy,MNQU5,MNQ,Micro E-mini NASDAQ-100,23259.83,5,03/15/2025 15:03:24,245914873844, Filled,-2,0,0.25,,245914873844,03/15/2025 15:03:24,03/15/25,5,Tradingview, Market,,,,,5,23259.83,23259.83
245914871411,TAKEPROFIT6215432,245914871411, Sell,MNQU5,MNQ,Micro E-mini NASDAQ-100,23055.66525237368,10,03/15/2025 16:32:15,245914871411, Filled,-2,0,0.25,,245914871411,03/15/2025 16:32:15,03/15/25,10,Exit, Market,,,,,10,23055.67,23055.66525237368
245914875004,TAKEPROFIT6215428,245914875004, Sell,MNQU5,MNQ,Micro E-mini NASDAQ-100,21660.736527641555,1,03/15/2025 20:02:55,245914875004, Filled,-2,0,0.25,,245914875004,03/15/2025 20:02:55,03/15/25,1,Exit, Market,,,,,1,21660.74,21660.736527641555
245914876578,TAKEPROFIT6215419,245914876578, Sell,MNQU5,MNQ,Micro E-mini NASDAQ-100,23516.727518742988,5,03/15/2025 22:35:24,245914876578, Filled,-2,0,0.25,,245914876578,03/15/2025 22:35:24,03/15/25,5,Exit, Market,,,,,5,23516.73,23516.727518742988
245914879549,TAKEPROFIT6215434,245914879549, Buy,MNQU5,MNQ,Micro E-mini NASDAQ-100,22587.52,3,03/16/2025 13:08:20,245914879549, Filled,-2,0,0.25,,245914879549,03/16/2025 13:08:20,03/16/25,3,Tradingview, Market,,,,,3,22587.52,22587.52
245914876434,TAKEPROFIT6215434,245914876434, Sell,MNQU5,MNQ,Micro E-mini NASDAQ-100,22786.654550165655,3,03/16/2025 13:31:20,245914876434, Filled,-2,0,0.25,,245914876434,03/16/2025 13:31:20,03/16/25,3,Exit, Market,,,,,3,22786.65,22786.654550165655
245914871317,TAKEPROFIT6215434,245914871317, Buy,MNQU5,MNQ,Micro E-mini NASDAQ-100,23064.18,1,03/17/2025 10:48:24,245914871317, Filled,-2,0,0.25,,245914871317,03/17/2025 10:48:24,03/17/25,1,Tradingview, Market,,,,,1,23064.18,23064.18
245914872484,TAKEPROFIT6215419,245914872484, Buy,MNQU5,MNQ,Micro E-mini NASDAQ-100,23656.15,10,03/17/2025 12:22:08,245914872484, Filled,-2,0,0.25,,245914872484,03/17/2025 12:22:08,03/17/25,10,Tradingview, Market,,,,,10,23656.15,23656.15
245914872163,TAKEPROFIT6215434,245914872163, Sell,MNQU5,MNQ,Micro E-mini NASDAQ-100,23173.634357855524,1,03/17/2025 17:08:24,245914872163, Filled,-2,0,0.25,,245914872163,03/17/2025 17:08:24,03/17/25,1,Exit, Market,,,,,1,23173.63,23173.634357855524
245914873958,TAKEPROFIT6215419,245914873958, Sell,MNQU5,MNQ,Micro E-mini NASDAQ-100,23352.073455701848,10,03/17/2025 17:26:08,245914873958, Filled,-2,0,0.25,,245914873958,03/17/2025 17:26:08,03/17/25,10,Exit, Market,,,,,10,23352.07,23352.073455701848
245914872025,TAKEPROFIT6215430,245914872025, Buy,MNQU5,MNQ,Micro E-mini NASDAQ-100,22271.16,3,03/18/2025 10:33:05,245914872025, Filled,-2,0,0.25,,245914872025,03/18/2025 10:33:05,03/18/25,3,Tradingview, Market,,,,,3,22271.16,22271.16
245914872519,TAKEPROFIT6215425,245914872519, Buy,MNQU5,MNQ,Micro E-mini NASDAQ-100,23831.12,10,03/18/2025 14:14:25,245914872519, Filled,-2,0,0.25,,245914872519,03/18/2025 14:14:25,03/18/25,10,Tradingview, Market,,,,,10,23831.12,23831.12
245914876684,TAKEPROFIT6215425,245914876684, Sell,MNQU5,MNQ,Micro E-mini NASDAQ-100,23825.716089167498,10,03/18/2025 14:34:25,245914876684, Filled,-2,0,0.25,,245914876684,03/18/2025 14:34:25,03/18/25,10,Exit, Market,,,,,10,23825.72,23825.716089167498
245914878795,TAKEPROFIT6215430,245914878795, Sell,MNQU5,MNQ,Micro E-mini NASDAQ-100,21947.09814640411,3,03/18/2025 18:07:05,245914878795, Filled,-2,0,0.25,,245914878795,03/18/2025 18:07:05,03/18/25,3,Exit, Market,,,,,3,21947.10,21947.09814640411
245914875981,TAKEPROFIT6215425,245914875981, Buy,MNQU5,MNQ,Micro E-mini NASDAQ-100,22397.61,1,03/19/2025 14:17:31,245914875981, Filled,-2,0,0.25,,245914875981,03/19/2025 14:17:31,03/19/25,1,Tradingview, Market,,,,,1,22397.61,22397.61
245914871939,TAKEPROFIT6215425,245914871939, Sell,MNQU5,MNQ,Micro E-mini NASDAQ-100,22344.029443027794,1,03/19/2025 19:18:31,245914871939, Filled,-2,0,0.25,,245914871939,03/19/2025 19:18:31,03/19/25,1,Exit, Market,,,,,1,22344.03,22344.029443027794
245914875121,TAKEPROFIT6215423,245914875121, Buy,MNQU5,MNQ,Micro E-mini NASDAQ-100,23866.48,10,03/20/2025 12:04:20,245914875121, Filled,-2,0,0.25,,245914875121,03/20/2025 12:04:20,03/20/25,10,Tradingview, Market,,,,,10,23866.48,23866.48
245914875509,TAKEPROFIT6215423,245914875509, Sell,MNQU5,MNQ,Micro E-mini NASDAQ-100,24044.03996630982,10,03/20/2025 16:20:20,245914875509, Filled,-2,0,0.25,,245914875509,03/20/2025 16:20:20,03/20/25,10,Exit, Market,,,,,10,24044.04,24044.03996630982
245914878875,TAKEPROFIT6215425,245914878875, Buy,MNQU5,MNQ,Micro E-mini NASDAQ-100,22848.61,5,03/22/2025 09:42:24,245914878875, Filled,-2,0,0.25,,245914878875,03/22/2025 09:42:24,03/22/25,5,Tradingview, Market,,,,,5,22848.61,22848.61
245914876944,TAKEPROFIT6215425,245914876944, Sell,MNQU5,MNQ,Micro E-mini NASDAQ-100,22619.90556920614,5,03/22/2025 14:06:24,245914876944, Filled,-2,0,0.25,,245914876944,03/22/2025 14:06:24,03/22/25,5,Exit, Market,,,,,5,22619.91,22619.90556920614
245914875145,TAKEPROFIT6215428,245914875145, Buy,MNQU5,MNQ,Micro E-mini NASDAQ-100,23035.55,5,03/24/2025 09:32:58,245914875145, Filled,-2,0,0.25,,245914875145,03/24/2025 09:32:58,03/24/25,5,Tradingview, Market,,,,,5,23035.55,23035.55
245914871949,TAKEPROFIT6215427,245914871949, Buy,MNQU5,MNQ,Micro E-mini NASDAQ-100,22041.9,1,03/24/2025 11:14:17,245914871949, Filled,-2,0,0.25,,245914871949,03/24/2025 11:14:17,03/24/25,1,Tradingview, Market,,,,,1,22041.90,22041.9
245914878532,TAKEPROFIT6215428,245914878532, Sell,MNQU5,MNQ,Micro E-mini NASDAQ-100,22955.34139839818,5,03/24/2025 15:57:58,245914878532, Filled,-2,0,0.25,,245914878532,03/24/2025 15:57:58,03/24/25,5,Exit, Market,,,,,5,22955.34,22955.34139839818
245914874449,TAKEPROFIT6215427,245914874449, Sell,MNQU5,MNQ,Micro E-mini NASDAQ-100,22094.28232949923,1,03/24/2025 17:10:17,245914874449, Filled,-2,0,0.25,,245914874449,03/24/2025 17:10:17,03/24/25,1,Exit, Market,,,,,1,22094.28,22094.28232949923
245914870176,TAKEPROFIT6215429,245914870176, Buy,MNQU5,MNQ,Micro E-mini NASDAQ-100,22900.79,5,03/25/2025 11:34:19,245914870176, Filled,-2,0,0.25,,245914870176,03/25/2025 11:34:19,03/25/25,5,Tradingview, Market,,,,,5,22900.79,22900.79
245914878109,TAKEPROFIT6215429,245914878109, Sell,MNQU5,MNQ,Micro E-mini NASDAQ-100,23035.875965975472,5,03/25/2025 12:58:19,245914878109, Filled,-2,0,0.25,,245914878109,03/25/2025 12:58:19,03/25/25,5,Exit, Market,,,,,5,23035.88,23035.875965975472
245914877630,TAKEPROFIT6215424,245914877630, Buy,MNQU5,MNQ,Micro E-mini NASDAQ-100,23147.55,5,03/26/2025 09:03:55,245914877630, Filled,-2,0,0.25,,245914877630,03/26/2025 09:03:55,03/26/25,5,Tradingview, Market,,,,,5,23147.55,23147.55
245914872855,TAKEPROFIT6215424,245914872855, Sell,MNQU5,MNQ,Micro E-mini NASDAQ-100,23401.33208041876,5,03/26/2025 10:53:55,245914872855, Filled,-2,0,0.25,,245914872855,03/26/2025 10:53:55,03/26/25,5,Exit, Market,,,,,5,23401.33,23401.33208041876
245914879197,TAKEPROFIT6215428,245914879197, Buy,MNQU5,MNQ,Micro E-mini NASDAQ-100,22710.86,10,03/26/2025 11:02:29,245914879197, Filled,-2,0,0.25,,245914879197,03/26/2025 11:02:29,03/26/25,10,Tradingview, Market,,,,,10,22710.86,22710.86
245914870453,TAKEPROFIT6215428,245914870453, Buy,MNQU5,MNQ,Micro E-mini NASDAQ-100,22816.29,2,03/26/2025 12:05:48,245914870453, Filled,-2,0,0.25,,245914870453,03/26/2025 12:05:48,03/26/25,2,Tradingview, Market,,,,,2,22816.29,22816.29
245914874131,TAKEPROFIT6215428,245914874131, Sell,MNQU5,MNQ,Micro E-mini NASDAQ-100,22462.692811400564,10,03/26/2025 14:10:29,245914874131, Filled,-2,0,0.25,,245914874131,03/26/2025 14:10:29,03/26/25,10,Exit, Market,,,,,10,22462.69,22462.692811400564
245914872506,TAKEPROFIT6215428,245914872506, Sell,MNQU5,MNQ,Micro E-mini NASDAQ-100,22534.412919236715,2,03/26/2025 16:38:48,245914872506, Filled,-2,0,0.25,,245914872506,03/26/2025 16:38:48,03/26/25,2,Exit, Market,,,,,2,22534.41,22534.412919236715
245914874359,TAKEPROFIT6215436,245914874359, Buy,MNQU5,MNQ,Micro E-mini NASDAQ-100,22497.97,3,03/29/2025 11:22:23,245914874359, Filled,-2,0,0.25,,245914874359,03/29/2025 11:22:23,03/29/25,3,Tradingview, Market,,,,,3,22497.97,22497.97
245914879049,TAKEPROFIT6215423,245914879049, Buy,MNQU5,MNQ,Micro E-mini NASDAQ-100,23324.92,1,03/29/2025 12:52:27,245914879049, Filled,-2,0,0.25,,245914879049,03/29/2025 12:52:27,03/29/25,1,Tradingview, Market,,,,,1,23324.92,23324.92
245914877410,TAKEPROFIT6215423,245914877410, Sell,MNQU5,MNQ,Micro E-mini NASDAQ-100,23618.65103960065,1,03/29/2025 13:46:27,245914877410, Filled,-2,0,0.25,,245914877410,03/29/2025 13:46:27,03/29/25,1,Exit, Market,,,,,1,23618.65,23618.65103960065
245914874836,TAKEPROFIT6215436,245914874836, Sell,MNQU5,MNQ,Micro E-mini NASDAQ-100,22816.00054836283,3,03/29/2025 15:55:23,245914874836, Filled,-2,0,0.25,,245914874836,03/29/2025 15:55:23,03/29/25,3,Exit, Market,,,,,3,22816.00,22816.00054836283
245914879342,TAKEPROFIT6215435,245914879342, Buy,MNQU5,MNQ,Micro E-mini NASDAQ-100,22434.75,10,03/31/2025 11:53:49,245914879342, Filled,-2,0,0.25,,245914879342,03/31/2025 11:53:49,03/31/25,10,Tradingview, Market,,,,,10,22434.75,22434.75
245914871134,TAKEPROFIT6215435,245914871134, Sell,MNQU5,MNQ,Micro E-mini NASDAQ-100,22624.435103822474,10,03/31/2025 13:26:49,245914871134, Filled,-2,0,0.25,,245914871134,03/31/2025 13:26:49,03/31/25,10,Exit, Market,,,,,10,22624.44,22624.435103822474
245914873144,TAKEPROFIT6215427,245914873144, Buy,MNQU5,MNQ,Micro E-mini NASDAQ-100,22756.31,1,03/31/2025 14:38:43,245914873144, Filled,-2,0,0.25,,245914873144,03/31/2025 14:38:43,03/31/25,1,Tradingview, Market,,,,,1,22756.31,22756.31
245914875350,TAKEPROFIT6215427,245914875350, Sell,MNQU5,MNQ,Micro E-mini NASDAQ-100,22472.420759485998,1,03/31/2025 18:04:43,245914875350, Filled,-2,0,0.25,,245914875350,03/31/2025 18:04:43,03/31/25,1,Exit, Market,,,,,1,22472.42,22472.420759485998
245914879786,TAKEPROFIT6215437,245914879786, Buy,MNQU5,MNQ,Micro E-mini NASDAQ-100,23695.61,5,04/02/2025 10:59:39,245914879786, Filled,-2,0,0.25,,245914879786,04/02/2025 10:59:39,04/02/25,5,Tradingview, Market,,,,,5,23695.61,23695.61
245914872218,TAKEPROFIT6215429,245914872218, Buy,MNQU5,MNQ,Micro E-mini NASDAQ-100,23898.33,1,04/02/2025 14:45:34,245914872218, Filled,-2,0,0.25,,245914872218,04/02/2025 14:45:34,04/02/25,1,Tradingview, Market,,,,,1,23898.33,23898.33
245914872270,TAKEPROFIT6215434,245914872270, Buy,MNQU5,MNQ,Micro E-mini NASDAQ-100,23435.71,5,04/02/2025 14:49:36,245914872270, Filled,-2,0,0.25,,245914872270,04/02/2025 14:49:36,04/02/25,5,Tradingview, Market,,,,,5,23435.71,23435.71
245914873498,TAKEPROFIT6215433,245914873498, Buy,MNQU5,MNQ,Micro E-mini NASDAQ-100,22470.69,10,04/02/2025 15:14:41,245914873498, Filled,-2,0,0.25,,245914873498,04/02/2025 15:14:41,04/02/25,10,Tradingview, Market,,,,,10,22470.69,22470.69
245914876673,TAKEPROFIT6215429,245914876673, Sell,MNQU5,MNQ,Micro E-mini NASDAQ-100,23734.881464215156,1,04/02/2025 16:53:34,245914876673, Filled,-2,0,0.25,,245914876673,04/02/2025 16:53:34,04/02/25,1,Exit, Market,,,,,1,23734.88,23734.881464215156
245914877025,TAKEPROFIT6215434,245914877025, Sell,MNQU5,MNQ,Micro E-mini NASDAQ-100,23191.727149141767,5,04/02/2025 17:42:36,245914877025, Filled,-2,0,0.25,,245914877025,04/02/2025 17:42:36,04/02/25,5,Exit, Market,,,,,5,23191.73,23191.727149141767
245914873857,TAKEPROFIT6215433,245914873857, Sell,MNQU5,MNQ,Micro E-mini NASDAQ-100,22293.704260024486,10,04/02/2025 17:44:41,245914873857, Filled,-2,0,0.25,,245914873857,04/02/2025 17:44:41,04/02/25,10,Exit, Market,,,,,10,22293.70,22293.704260024486
245914876553,TAKEPROFIT6215437,245914876553, Sell,MNQU5,MNQ,Micro E-mini NASDAQ-100,23693.812213937566,5,04/02/2025 18:40:39,245914876553, Filled,-2,0,0.25,,245914876553,04/02/2025 18:40:39,04/02/25,5,Exit, Market,,,,,5,23693.81,23693.812213937566
245914876557,TAKEPROFIT6215437,245914876557, Buy,MNQU5,MNQ,Micro E-mini NASDAQ-100,22433.74,1,04/04/2025 11:37:19,245914876557, Filled,-2,0,0.25,,245914876557,04/04/2025 11:37:19,04/04/25,1,Tradingview, Market,,,,,1,22433.74,22433.74
245914872872,TAKEPROFIT6215437,245914872872, Sell,MNQU5,MNQ,Micro E-mini NASDAQ-100,22287.520326614438,1,04/04/2025 19:15:19,245914872872, Filled,-2,0,0.25,,245914872872,04/04/2025 19:15:19,04/04/25,1,Exit, Market,,,,,1,22287.52,22287.520326614438
245914876455,TAKEPROFIT6215427,245914876455, Buy,MNQU5,MNQ,Micro E-mini NASDAQ-100,22101.98,5,04/07/2025 09:58:44,245914876455, Filled,-2,0,0.25,,245914876455,04/07/2025 09:58:44,04/07/25,5,Tradingview, Market,,,,,5,22101.98,22101.98
245914876253,TAKEPROFIT6215435,245914876253, Buy,MNQU5,MNQ,Micro E-mini NASDAQ-100,23986.65,3,04/07/2025 13:45:08,245914876253, Filled,-2,0,0.25,,245914876253,04/07/2025 13:45:08,04/07/25,3,Tradingview, Market,,,,,3,23986.65,23986.65
245914878545,TAKEPROFIT6215427,245914878545, Sell,MNQU5,MNQ,Micro E-mini NASDAQ-100,22217.390350715923,5,04/07/2025 15:02:44,245914878545, Filled,-2,0,0.25,,245914878545,04/07/2025 15:02:44,04/07/25,5,Exit, Market,,,,,5,22217.39,22217.390350715923
245914875137,TAKEPROFIT6215435,245914875137, Sell,MNQU5,MNQ,Micro E-mini NASDAQ-100,24067.261936802894,3,04/07/2025 20:15:08,245914875137, Filled,-2,0,0.25,,245914875137,04/07/2025 20:15:08,04/07/25,3,Exit, Market,,,,,3,24067.26,24067.261936802894
245914879497,TAKEPROFIT6215428,245914879497, Buy,MNQU5,MNQ,Micro E-mini NASDAQ-100,23204.44,3,04/08/2025 09:26:40,245914879497, Filled,-2,0,0.25,,245914879497,04/08/2025 09:26:40,04/08/25,3,Tradingview, Market,,,,,3,23204.44,23204.44
245914873414,TAKEPROFIT6215428,245914873414, Sell,MNQU5,MNQ,Micro E-mini NASDAQ-100,22938.089715420858,3,04/08/2025 09:42:40,245914873414, Filled,-2,0,0.25,,245914873414,04/08/2025 09:42:40,04/08/25,3,Exit, Market,,,,,3,22938.09,22938.089715420858
245914879471,TAKEPROFIT6215437,245914879471, Buy,MNQU5,MNQ,Micro E-mini NASDAQ-100,23857.26,1,04/08/2025 10:19:54,245914879471, Filled,-2,0,0.25,,245914879471,04/08/2025 10:19:54,04/08/25,1,Tradingview, Market,,,,,1,23857.26,23857.26
245914876720,TAKEPROFIT6215437,245914876720, Sell,MNQU5,MNQ,Micro E-mini NASDAQ-100,23788.545516264687,1,04/08/2025 10:30:54,245914876720, Filled,-2,0,0.25,,245914876720,04/08/2025 10:30:54,04/08/25,1,Exit, Market,,,,,1,23788.55,23788.545516264687
245914875931,TAKEPROFIT6215431,245914875931, Buy,MNQU5,MNQ,Micro E-mini NASDAQ-100,23766.54,3,04/09/2025 10:53:39,245914875931, Filled,-2,0,0.25,,245914875931,04/09/2025 10:53:39,04/09/25,3,Tradingview, Market,,,,,3,23766.54,23766.54
245914878020,TAKEPROFIT6215431,245914878020, Sell,MNQU5,MNQ,Micro E-mini NASDAQ-100,23838.92831431353,3,04/09/2025 16:21:39,245914878020, Filled,-2,0,0.25,,245914878020,04/09/2025 16:21:39,04/09/25,3,Exit, Market,,,,,3,23838.93,23838.92831431353
245914871165,TAKEPROFIT6215423,245914871165, Buy,MNQU5,MNQ,Micro E-mini NASDAQ-100,23949.75,5,04/10/2025 10:47:12,245914871165, Filled,-2,0,0.25,,245914871165,04/10/2025 10:47:12,04/10/25,5,Tradingview, Market,,,,,5,23949.75,23949.75
245914878723,TAKEPROFIT6215431,245914878723, Buy,MNQU5,MNQ,Micro E-mini NASDAQ-100,22756.78,2,04/10/2025 11:19:11,245914878723, Filled,-2,0,0.25,,245914878723,04/10/2025 11:19:11,04/10/25,2,Tradingview, Market,,,,,2,22756.78,22756.78
245914873529,TAKEPROFIT6215430,245914873529, Buy,MNQU5,MNQ,Micro E-mini NASDAQ-100,22847.79,10,04/10/2025 11:56:17,245914873529, Filled,-2,0,0.25,,245914873529,04/10/2025 11:56:17,04/10/25,10,Tradingview, Market,,,,,10,22847.79,22847.79
245914874764,TAKEPROFIT6215426,245914874764, Buy,MNQU5,MNQ,Micro E-mini NASDAQ-100,23727.99,3,04/10/2025 12:28:31,245914874764, Filled,-2,0,0.25,,245914874764,04/10/2025 12:28:31,04/10/25,3,Tradingview, Market,,,,,3,23727.99,23727.99
245914873885,TAKEPROFIT6215426,245914873885, Sell,MNQU5,MNQ,Micro E-mini NASDAQ-100,23357.99459945635,3,04/10/2025 14:00:31,245914873885, Filled,-2,0,0.25,,245914873885,04/10/2025 14:00:31,04/10/25,3,Exit, Market,,,,,3,23357.99,23357.99459945635
245914878650,TAKEPROFIT6215423,245914878650, Sell,MNQU5,MNQ,Micro E-mini NASDAQ-100,23797.22203116617,5,04/10/2025 14:30:12,245914878650, Filled,-2,0,0.25,,245914878650,04/10/2025 14:30:12,04/10/25,5,Exit, Market,,,,,5,23797.22,23797.22203116617
245914874790,TAKEPROFIT6215430,245914874790, Sell,MNQU5,MNQ,Micro E-mini NASDAQ-100,23056.448416713298,10,04/10/2025 14:43:17,245914874790, Filled,-2,0,0.25,,245914874790,04/10/2025 14:43:17,04/10/25,10,Exit, Market,,,,,10,23056.45,23056.448416713298
245914878696,TAKEPROFIT6215431,245914878696, Sell,MNQU5,MNQ,Micro E-mini NASDAQ-100,22999.50362549872,2,04/10/2025 19:04:11,245914878696, Filled,-2,0,0.25,,245914878696,04/10/2025 19:04:11,04/10/25,2,Exit, Market,,,,,2,22999.50,22999.50362549872
245914873763,TAKEPROFIT6215424,245914873763, Buy,MNQU5,MNQ,Micro E-mini NASDAQ-100,23686.86,5,04/11/2025 09:10:43,245914873763, Filled,-2,0,0.25,,245914873763,04/11/2025 09:10:43,04/11/25,5,Tradingview, Market,,,,,5,23686.86,23686.86
245914876310,TAKEPROFIT6215424,245914876310, Sell,MNQU5,MNQ,Micro E-mini NASDAQ-100,24052.437245754238,5,04/11/2025 11:16:43,245914876310, Filled,-2,0,0.25,,245914876310,04/11/2025 11:16:43,04/11/25,5,Exit, Market,,,,,5,24052.44,24052.437245754238
245914879762,TAKEPROFIT6215435,245914879762, Buy,MNQU5,MNQ,Micro E-mini NASDAQ-100,23352.02,5,04/12/2025 14:09:26,245914879762, Filled,-2,0,0.25,,245914879762,04/12/2025 14:09:26,04/12/25,5,Tradingview, Market,,,,,5,23352.02,23352.02
245914876151,TAKEPROFIT6215435,245914876151, Sell,MNQU5,MNQ,Micro E-mini NASDAQ-100,23195.104673564783,5,04/12/2025 18:28:26,245914876151, Filled,-2,0,0.25,,245914876151,04/12/2025 18:28:26,04/12/25,5,Exit, Market,,,,,5,23195.10,23195.104673564783
245914878185,TAKEPROFIT6215431,245914878185, Buy,MNQU5,MNQ,Micro E-mini NASDAQ-100,23580.29,10,04/16/2025 11:26:16,245914878185, Filled,-2,0,0.25,,245914878185,04/16/2025 11:26:16,04/16/25,10,Tradingview, Market,,,,,10,23580.29,23580.29
245914878970,TAKEPROFIT6215431,245914878970, Sell,MNQU5,MNQ,Micro E-mini NASDAQ-100,23358.741754628783,10,04/16/2025 12:31:16,245914878970, Filled,-2,0,0.25,,245914878970,04/16/2025 12:31:16,04/16/25,10,Exit, Market,,,,,10,23358.74,23358.741754628783
245914876424,TAKEPROFIT6215430,245914876424, Buy,MNQU5,MNQ,Micro E-mini NASDAQ-100,23319.21,1,04/17/2025 10:23:32,245914876424, Filled,-2,0,0.25,,245914876424,04/17/2025 10:23:32,04/17/25,1,Tradingview, Market,,,,,1,23319.21,23319.21
245914874267,TAKEPROFIT6215430,245914874267, Sell,MNQU5,MNQ,Micro E-mini NASDAQ-100,23079.97842817231,1,04/17/2025 14:21:32,245914874267, Filled,-2,0,0.25,,245914874267,04/17/2025 14:21:32,04/17/25,1,Exit, Market,,,,,1,23079.98,23079.97842817231
245914872364,TAKEPROFIT6215437,245914872364, Buy,MNQU5,MNQ,Micro E-mini NASDAQ-100,23742.4,2,04/17/2025 14:27:42,245914872364, Filled,-2,0,0.25,,245914872364,04/17/2025 14:27:42,04/17/25,2,Tradingview, Market,,,,,2,23742.40,23742.4
245914875669,TAKEPROFIT6215437,245914875669, Sell,MNQU5,MNQ,Micro E-mini NASDAQ-100,23971.649572490787,2,04/17/2025 22:01:42,245914875669, Filled,-2,0,0.25,,245914875669,04/17/2025 22:01:42,04/17/25,2,Exit, Market,,,,,2,23971.65,23971.649572490787
245914876165,TAKEPROFIT6215434,245914876165, Buy,MNQU5,MNQ,Micro E-mini NASDAQ-100,22254.1,1,04/20/2025 12:14:36,245914876165, Filled,-2,0,0.25,,245914876165,04/20/2025 12:14:36,04/20/25,1,Tradingview, Market,,,,,1,22254.10,22254.1
245914878410,TAKEPROFIT6215425,245914878410, Buy,MNQU5,MNQ,Micro E-mini NASDAQ-100,23729.46,5,04/20/2025 12:43:41,245914878410, Filled,-2,0,0.25,,245914878410,04/20/2025 12:43:41,04/20/25,5,Tradingview, Market,,,,,5,23729.46,23729.46
245914874823,TAKEPROFIT6215429,245914874823, Buy,MNQU5,MNQ,Micro E-mini NASDAQ-100,22232.4,5,04/20/2025 13:45:26,245914874823, Filled,-2,0,0.25,,245914874823,04/20/2025 13:45:26,04/20/25,5,Tradingview, Market,,,,,5,22232.40,22232.4
245914871851,TAKEPROFIT6215425,245914871851, Sell,MNQU5,MNQ,Micro E-mini NASDAQ-100,24162.06845790392,5,04/20/2025 14:34:41,245914871851, Filled,-2,0,0.25,,245914871851,04/20/2025 14:34:41,04/20/25,5,Exit, Market,,,,,5,24162.07,24162.06845790392
245914875032,TAKEPROFIT6215429,245914875032, Sell,MNQU5,MNQ,Micro E-mini NASDAQ-100,22494.068771709197,5,04/20/2025 16:09:26,245914875032, Filled,-2,0,0.25,,245914875032,04/20/2025 16:09:26,04/20/25,5,Exit, Market,,,,,5,22494.07,22494.068771709197
245914870089,TAKEPROFIT6215434,245914870089, Sell,MNQU5,MNQ,Micro E-mini NASDAQ-100,22056.01345413863,1,04/20/2025 18:46:36,245914870089, Filled,-2,0,0.25,,245914870089,04/20/2025 18:46:36,04/20/25,1,Exit, Market,,,,,1,22056.01,22056.01345413863
245914878417,TAKEPROFIT6215433,245914878417, Buy,MNQU5,MNQ,Micro E-mini NASDAQ-100,22699.26,3,04/21/2025 14:45:44,245914878417, Filled,-2,0,0.25,,245914878417,04/21/2025 14:45:44,04/21/25,3,Tradingview, Market,,,,,3,22699.26,22699.26
245914871856,TAKEPROFIT6215433,245914871856, Sell,MNQU5,MNQ,Micro E-mini NASDAQ-100,22426.950179724758,3,04/21/2025 22:42:44,245914871856, Filled,-2,0,0.25,,245914871856,04/21/2025 22:42:44,04/21/25,3,Exit, Market,,,,,3,22426.95,22426.950179724758
245914870934,TAKEPROFIT6215419,245914870934, Buy,MNQU5,MNQ,Micro E-mini NASDAQ-100,23832.95,5,04/22/2025 14:34:04,245914870934, Filled,-2,0,0.25,,245914870934,04/22/2025 14:34:04,04/22/25,5,Tradingview, Market,,,,,5,23832.95,23832.95
245914875314,TAKEPROFIT6215419,245914875314, Sell,MNQU5,MNQ,Micro E-mini NASDAQ-100,23568.081335140156,5,04/22/2025 19:30:04,245914875314, Filled,-2,0,0.25,,245914875314,04/22/2025 19:30:04,04/22/25,5,Exit, Market,,,,,5,23568.08,23568.081335140156
245914872649,TAKEPROFIT6215418,245914872649, Buy,MNQU5,MNQ,Micro E-mini NASDAQ-100,22958.91,10,04/23/2025 10:11:13,245914872649, Filled,-2,0,0.25,,245914872649,04/23/2025 10:11:13,04/23/25,10,Tradingview, Market,,,,,10,22958.91,22958.91
245914879946,TAKEPROFIT6215436,245914879946, Buy,MNQU5,MNQ,Micro E-mini NASDAQ-100,23083.82,2,04/23/2025 10:56:55,245914879946, Filled,-2,0,0.25,,245914879946,04/23/2025 10:56:55,04/23/25,2,Tradingview, Market,,,,,2,23083.82,23083.82
245914872960,TAKEPROFIT6215436,245914872960, Sell,MNQU5,MNQ,Micro E-mini NASDAQ-100,23157.605625390486,2,04/23/2025 15:34:55,245914872960, Filled,-2,0,0.25,,245914872960,04/23/2025 15:34:55,04/23/25,2,Exit, Market,,,,,2,23157.61,23157.605625390486
245914872583,TAKEPROFIT6215418,245914872583, Sell,MNQU5,MNQ,Micro E-mini NASDAQ-100,23186.947758926442,10,04/23/2025 16:50:13,245914872583, Filled,-2,0,0.25,,245914872583,04/23/2025 16:50:13,04/23/25,10,Exit, Market,,,,,10,23186.95,23186.947758926442
245914873516,TAKEPROFIT6215428,245914873516, Buy,MNQU5,MNQ,Micro E-mini NASDAQ-100,22471.83,1,04/24/2025 10:44:50,245914873516, Filled,-2,0,0.25,,245914873516,04/24/2025 10:44:50,04/24/25,1,Tradingview, Market,,,,,1,22471.83,22471.83
245914870935,TAKEPROFIT6215425,245914870935, Buy,MNQU5,MNQ,Micro E-mini NASDAQ-100,23941.74,1,04/24/2025 13:43:02,245914870935, Filled,-2,0,0.25,,245914870935,04/24/2025 13:43:02,04/24/25,1,Tradingview, Market,,,,,1,23941.74,23941.74
245914871296,TAKEPROFIT6215428,245914871296, Sell,MNQU5,MNQ,Micro E-mini NASDAQ-100,22022.860562683207,1,04/24/2025 16:56:50,245914871296, Filled,-2,0,0.25,,245914871296,04/24/2025 16:56:50,04/24/25,1,Exit, Market,,,,,1,22022.86,22022.860562683207
245914875478,TAKEPROFIT6215425,245914875478, Sell,MNQU5,MNQ,Micro E-mini NASDAQ-100,23556.02656925888,1,04/24/2025 17:16:02,245914875478, Filled,-2,0,0.25,,245914875478,04/24/2025 17:16:02,04/24/25,1,Exit, Market,,,,,1,23556.03,23556.02656925888
245914872388,TAKEPROFIT6215422,245914872388, Buy,MNQU5,MNQ,Micro E-mini NASDAQ-100,23698.02,1,04/25/2025 12:45:27,245914872388, Filled,-2,0,0.25,,245914872388,04/25/2025 12:45:27,04/25/25,1,Tradingview, Market,,,,,1,23698.02,23698.02
245914875248,TAKEPROFIT6215422,245914875248, Sell,MNQU5,MNQ,Micro E-mini NASDAQ-100,24128.400489653795,1,04/25/2025 19:14:27,245914875248, Filled,-2,0,0.25,,245914875248,04/25/2025 19:14:27,04/25/25,1,Exit, Market,,,,,1,24128.40,24128.400489653795
245914875694,TAKEPROFIT6215431,245914875694, Buy,MNQU5,MNQ,Micro E-mini NASDAQ-100,22155.25,10,04/27/2025 10:41:16,245914875694, Filled,-2,0,0.25,,245914875694,04/27/2025 10:41:16,04/27/25,10,Tradingview, Market,,,,,10,22155.25,22155.25
245914874697,TAKEPROFIT6215431,245914874697, Sell,MNQU5,MNQ,Micro E-mini NASDAQ-100,21912.07252161972,10,04/27/2025 14:27:16,245914874697, Filled,-2,0,0.25,,245914874697,04/27/2025 14:27:16,04/27/25,10,Exit, Market,,,,,10,21912.07,21912.07252161972
245914872961,TAKEPROFIT6215428,245914872961, Buy,MNQU5,MNQ,Micro E-mini NASDAQ-100,22661.16,1,04/28/2025 09:19:17,245914872961, Filled,-2,0,0.25,,245914872961,04/28/2025 09:19:17,04/28/25,1,Tradingview, Market,,,,,1,22661.16,22661.16
245914870872,TAKEPROFIT6215429,245914870872, Buy,MNQU5,MNQ,Micro E-mini NASDAQ-100,22699.28,5,04/28/2025 13:33:10,245914870872, Filled,-2,0,0.25,,245914870872,04/28/2025 13:33:10,04/28/25,5,Tradingview, Market,,,,,5,22699.28,22699.28
245914875135,TAKEPROFIT6215428,245914875135, Sell,MNQU5,MNQ,Micro E-mini NASDAQ-100,22532.878395765903,1,04/28/2025 13:57:17,245914875135, Filled,-2,0,0.25,,245914875135,04/28/2025 13:57:17,04/28/25,1,Exit, Market,,,,,1,22532.88,22532.878395765903
245914871250,TAKEPROFIT6215432,245914871250, Buy,MNQU5,MNQ,Micro E-mini NASDAQ-100,22687.29,5,04/28/2025 15:21:35,245914871250, Filled,-2,0,0.25,,245914871250,04/28/2025 15:21:35,04/28/25,5,Tradingview, Market,,,,,5,22687.29,22687.29
245914871441,TAKEPROFIT6215432,245914871441, Sell,MNQU5,MNQ,Micro E-mini NASDAQ-100,22552.37402623418,5,04/28/2025 16:03:35,245914871441, Filled,-2,0,0.25,,245914871441,04/28/2025 16:03:35,04/28/25,5,Exit, Market,,,,,5,22552.37,22552.37402623418
245914872729,TAKEPROFIT6215429,245914872729, Sell,MNQU5,MNQ,Micro E-mini NASDAQ-100,23023.946336769208,5,04/28/2025 20:54:10,245914872729, Filled,-2,0,0.25,,245914872729,04/28/2025 20:54:10,04/28/25,5,Exit, Market,,,,,5,23023.95,23023.946336769208
245914870262,TAKEPROFIT6215433,245914870262, Buy,MNQU5,MNQ,Micro E-mini NASDAQ-100,23857.64,5,04/29/2025 10:50:45,245914870262, Filled,-2,0,0.25,,245914870262,04/29/2025 10:50:45,04/29/25,5,Tradingview, Market,,,,,5,23857.64,23857.64
245914876635,TAKEPROFIT6215437,245914876635, Buy,MNQU5,MNQ,Micro E-mini NASDAQ-100,22352.63,3,04/29/2025 14:29:24,245914876635, Filled,-2,0,0.25,,245914876635,04/29/2025 14:29:24,04/29/25,3,Tradingview, Market,,,,,3,22352.63,22352.63
245914870931,TAKEPROFIT6215437,245914870931, Sell,MNQU5,MNQ,Micro E-mini NASDAQ-100,22517.477460992042,3,04/29/2025 14:57:24,245914870931, Filled,-2,0,0.25,,245914870931,04/29/2025 14:57:24,04/29/25,3,Exit, Market,,,,,3,22517.48,22517.477460992042
245914873508,TAKEPROFIT6215433,245914873508, Sell,MNQU5,MNQ,Micro E-mini NASDAQ-100,24061.952083638032,5,04/29/2025 16:09:45,245914873508, Filled,-2,0,0.25,,245914873508,04/29/2025 16:09:45,04/29/25,5,Exit, Market,,,,,5,24061.95,24061.952083638032
245914870367,TAKEPROFIT6215436,245914870367, Buy,MNQU5,MNQ,Micro E-mini NASDAQ-100,23932.67,10,04/30/2025 13:12:21,245914870367, Filled,-2,0,0.25,,245914870367,04/30/2025 13:12:21,04/30/25,10,Tradingview, Market,,,,,10,23932.67,23932.67
245914879169,TAKEPROFIT6215436,245914879169, Sell,MNQU5,MNQ,Micro E-mini NASDAQ-100,24118.193078654494,10,04/30/2025 13:38:21,245914879169, Filled,-2,0,0.25,,245914879169,04/30/2025 13:38:21,04/30/25,10,Exit, Market,,,,,10,24118.19,24118.193078654494
245914878541,TAKEPROFIT6215420,245914878541, Buy,MNQU5,MNQ,Micro E-mini NASDAQ-100,22156.03,5,05/02/2025 11:00:29,245914878541, Filled,-2,0,0.25,,245914878541,05/02/2025 11:00:29,05/02/25,5,Tradingview, Market,,,,,5,22156.03,22156.03
245914876114,TAKEPROFIT6215420,245914876114, Sell,MNQU5,MNQ,Micro E-mini NASDAQ-100,22444.071046114812,5,05/02/2025 14:14:29,245914876114, Filled,-2,0,0.25,,245914876114,05/02/2025 14:14:29,05/02/25,5,Exit, Market,,,,,5,22444.07,22444.071046114812
245914877249,TAKEPROFIT6215418,245914877249, Buy,MNQU5,MNQ,Micro E-mini NASDAQ-100,22264.44,1,05/02/2025 15:45:43,245914877249, Filled,-2,0,0.25,,245914877249,05/02/2025 15:45:43,05/02/25,1,Tradingview, Market,,,,,1,22264.44,22264.44
245914875628,TAKEPROFIT6215418,245914875628, Sell,MNQU5,MNQ,Micro E-mini NASDAQ-100,22141.645670839844,1,05/02/2025 17:09:43,245914875628, Filled,-2,0,0.25,,245914875628,05/02/2025 17:09:43,05/02/25,1,Exit, Market,,,,,1,22141.65,22141.645670839844
245914875574,TAKEPROFIT6215437,245914875574, Buy,MNQU5,MNQ,Micro E-mini NASDAQ-100,22966.25,5,05/03/2025 12:47:06,245914875574, Filled,-2,0,0.25,,245914875574,05/03/2025 12:47:06,05/03/25,5,Tradingview, Market,,,,,5,22966.25,22966.25
245914870310,TAKEPROFIT6215437,245914870310, Sell,MNQU5,MNQ,Micro E-mini NASDAQ-100,22721.109072216932,5,05/03/2025 20:43:06,245914870310, Filled,-2,0,0.25,,245914870310,05/03/2025 20:43:06,05/03/25,5,Exit, Market,,,,,5,22721.11,22721.109072216932
245914876711,TAKEPROFIT6215433,245914876711, Buy,MNQU5,MNQ,Micro E-mini NASDAQ-100,23910.38,1,05/04/2025 10:26:38,245914876711, Filled,-2,0,0.25,,245914876711,05/04/2025 10:26:38,05/04/25,1,Tradingview, Market,,,,,1,23910.38,23910.38
245914877799,TAKEPROFIT6215433,245914877799, Sell,MNQU5,MNQ,Micro E-mini NASDAQ-100,23981.281670138367,1,05/04/2025 15:06:38,245914877799, Filled,-2,0,0.25,,245914877799,05/04/2025 15:06:38,05/04/25,1,Exit, Market,,,,,1,23981.28,23981.281670138367
245914872810,TAKEPROFIT6215426,245914872810, Buy,MNQU5,MNQ,Micro E-mini NASDAQ-100,23056.3,2,05/05/2025 09:59:04,245914872810, Filled,-2,0,0.25,,245914872810,05/05/2025 09:59:04,05/05/25,2,Tradingview, Market,,,,,2,23056.30,23056.3
245914871131,TAKEPROFIT6215435,245914871131, Buy,MNQU5,MNQ,Micro E-mini NASDAQ-100,22904.22,3,05/05/2025 11:24:47,245914871131, Filled,-2,0,0.25,,245914871131,05/05/2025 11:24:47,05/05/25,3,Tradingview, Market,,,,,3,22904.22,22904.22
245914874938,TAKEPROFIT6215428,245914874938, Buy,MNQU5,MNQ,Micro E-mini NASDAQ-100,22125.76,1,05/05/2025 11:54:34,245914874938, Filled,-2,0,0.25,,245914874938,05/05/2025 11:54:34,05/05/25,1,Tradingview, Market,,,,,1,22125.76,22125.76
245914874951,TAKEPROFIT6215425,245914874951, Buy,MNQU5,MNQ,Micro E-mini NASDAQ-100,22546.47,10,05/05/2025 14:09:19,245914874951, Filled,-2,0,0.25,,245914874951,05/05/2025 14:09:19,05/05/25,10,Tradingview, Market,,,,,10,22546.47,22546.47
245914873292,TAKEPROFIT6215428,245914873292, Sell,MNQU5,MNQ,Micro E-mini NASDAQ-100,21869.354425304457,1,05/05/2025 14:48:34,245914873292, Filled,-2,0,0.25,,245914873292,05/05/2025 14:48:34,05/05/25,1,Exit, Market,,,,,1,21869.35,21869.354425304457
245914878755,TAKEPROFIT6215435,245914878755, Sell,MNQU5,MNQ,Micro E-mini NASDAQ-100,23159.61552082845,3,05/05/2025 15:24:47,245914878755, Filled,-2,0,0.25,,245914878755,05/05/2025 15:24:47,05/05/25,3,Exit, Market,,,,,3,23159.62,23159.61552082845
245914877793,TAKEPROFIT6215425,245914877793, Sell,MNQU5,MNQ,Micro E-mini NASDAQ-100,22768.304702136495,10,05/05/2025 17:07:19,245914877793, Filled,-2,0,0.25,,245914877793,05/05/2025 17:07:19,05/05/25,10,Exit, Market,,,,,10,22768.30,22768.304702136495
245914879821,TAKEPROFIT6215426,245914879821, Sell,MNQU5,MNQ,Micro E-mini NASDAQ-100,23223.133725077187,2,05/05/2025 17:57:04,245914879821, Filled,-2,0,0.25,,245914879821,05/05/2025 17:57:04,05/05/25,2,Exit, Market,,,,,2,23223.13,23223.133725077187
245914877449,TAKEPROFIT6215422,245914877449, Buy,MNQU5,MNQ,Micro E-mini NASDAQ-100,23916.32,2,05/06/2025 09:48:30,245914877449, Filled,-2,0,0.25,,245914877449,05/06/2025 09:48:30,05/06/25,2,Tradingview, Market,,,,,2,23916.32,23916.32
245914877802,TAKEPROFIT6215428,245914877802, Buy,MNQU5,MNQ,Micro E-mini NASDAQ-100,22684.67,10,05/06/2025 11:44:08,245914877802, Filled,-2,0,0.25,,245914877802,05/06/2025 11:44:08,05/06/25,10,Tradingview, Market,,,,,10,22684.67,22684.67
245914872136,TAKEPROFIT6215422,245914872136, Sell,MNQU5,MNQ,Micro E-mini NASDAQ-100,23587.7301129534,2,05/06/2025 11:52:30,245914872136, Filled,-2,0,0.25,,245914872136,05/06/2025 11:52:30,05/06/25,2,Exit, Market,,,,,2,23587.73,23587.7301129534
245914875235,TAKEPROFIT6215427,245914875235, Buy,MNQU5,MNQ,Micro E-mini NASDAQ-100,22435.64,2,05/06/2025 11:54:24,245914875235, Filled,-2,0,0.25,,245914875235,05/06/2025 11:54:24,05/06/25,2,Tradingview, Market,,,,,2,22435.64,22435.64
245914872276,TAKEPROFIT6215427,245914872276, Sell,MNQU5,MNQ,Micro E-mini NASDAQ-100,22487.392359438807,2,05/06/2025 12:59:24,245914872276, Filled,-2,0,0.25,,245914872276,05/06/2025 12:59:24,05/06/25,2,Exit, Market,,,,,2,22487.39,22487.392359438807
245914876556,TAKEPROFIT6215428,245914876556, Sell,MNQU5,MNQ,Micro E-mini NASDAQ-100,22817.852011522024,10,05/06/2025 14:58:08,245914876556, Filled,-2,0,0.25,,245914876556,05/06/2025 14:58:08,05/06/25,10,Exit, Market,,,,,10,22817.85,22817.852011522024
245914879831,TAKEPROFIT6215430,245914879831, Buy,MNQU5,MNQ,Micro E-mini NASDAQ-100,22266.4,5,05/07/2025 13:49:50,245914879831, Filled,-2,0,0.25,,245914879831,05/07/2025 13:49:50,05/07/25,5,Tradingview, Market,,,,,5,22266.40,22266.4
245914878699,TAKEPROFIT6215430,245914878699, Sell,MNQU5,MNQ,Micro E-mini NASDAQ-100,22313.427402573347,5,05/07/2025 20:05:50,245914878699, Filled,-2,0,0.25,,245914878699,05/07/2025 20:05:50,05/07/25,5,Exit, Market,,,,,5,22313.43,22313.427402573347
245914878911,TAKEPROFIT6215425,245914878911, Buy,MNQU5,MNQ,Micro E-mini NASDAQ-100,23629.64,10,05/09/2025 10:28:44,245914878911, Filled,-2,0,0.25,,245914878911,05/09/2025 10:28:44,05/09/25,10,Tradingview, Market,,,,,10,23629.64,23629.64
245914878418,TAKEPROFIT6215425,245914878418, Sell,MNQU5,MNQ,Micro E-mini NASDAQ-100,24068.577131464986,10,05/09/2025 13:01:44,245914878418, Filled,-2,0,0.25,,245914878418,05/09/2025 13:01:44,05/09/25,10,Exit, Market,,,,,10,24068.58,24068.577131464986
245914875613,TAKEPROFIT6215422,245914875613, Buy,MNQU5,MNQ,Micro E-mini NASDAQ-100,23046.32,2,05/09/2025 14:53:41,245914875613, Filled,-2,0,0.25,,245914875613,05/09/2025 14:53:41,05/09/25,2,Tradingview, Market,,,,,2,23046.32,23046.32
245914872188,TAKEPROFIT6215422,245914872188, Sell,MNQU5,MNQ,Micro E-mini NASDAQ-100,22639.826169038868,2,05/09/2025 17:51:41,245914872188, Filled,-2,0,0.25,,245914872188,05/09/2025 17:51:41,05/09/25,2,Exit, Market,,,,,2,22639.83,22639.826169038868
245914874139,TAKEPROFIT6215436,245914874139, Buy,MNQU5,MNQ,Micro E-mini NASDAQ-100,22773.57,3,05/10/2025 14:04:47,245914874139, Filled,-2,0,0.25,,245914874139,05/10/2025 14:04:47,05/10/25,3,Tradingview, Market,,,,,3,22773.57,22773.57
245914874470,TAKEPROFIT6215436,245914874470, Sell,MNQU5,MNQ,Micro E-mini NASDAQ-100,23157.831762433652,3,05/10/2025 14:22:47,245914874470, Filled,-2,0,0.25,,245914874470,05/10/2025 14:22:47,05/10/25,3,Exit, Market,,,,,3,23157.83,23157.831762433652
245914877881,TAKEPROFIT6215435,245914877881, Buy,MNQU5,MNQ,Micro E-mini NASDAQ-100,22933.73,5,05/14/2025 14:13:58,245914877881, Filled,-2,0,0.25,,245914877881,05/14/2025 14:13:58,05/14/25,5,Tradingview, Market,,,,,5,22933.73,22933.73
245914876096,TAKEPROFIT6215435,245914876096, Sell,MNQU5,MNQ,Micro E-mini NASDAQ-100,22582.428526603886,5,05/14/2025 21:24:58,245914876096, Filled,-2,0,0.25,,245914876096,05/14/2025 21:24:58,05/14/25,5,Exit, Market,,,,,5,22582.43,22582.428526603886
245914872667,TAKEPROFIT6215429,245914872667, Buy,MNQU5,MNQ,Micro E-mini NASDAQ-100,23244.01,1,05/16/2025 13:52:30,245914872667, Filled,-2,0,0.25,,245914872667,05/16/2025 13:52:30,05/16/25,1,Tradingview, Market,,,,,1,23244.01,23244.01
245914874218,TAKEPROFIT6215429,245914874218, Sell,MNQU5,MNQ,Micro E-mini NASDAQ-100,22816.12252151142,1,05/16/2025 14:33:30,245914874218, Filled,-2,0,0.25,,245914874218,05/16/2025 14:33:30,05/16/25,1,Exit, Market,,,,,1,22816.12,22816.12252151142
245914870278,TAKEPROFIT6215429,245914870278, Buy,MNQU5,MNQ,Micro E-mini NASDAQ-100,22057.4,5,05/17/2025 11:40:33,245914870278, Filled,-2,0,0.25,,245914870278,05/17/2025 11:40:33,05/17/25,5,Tradingview, Market,,,,,5,22057.40,22057.4
245914879112,TAKEPROFIT6215429,245914879112, Sell,MNQU5,MNQ,Micro E-mini NASDAQ-100,22489.426730399755,5,05/17/2025 14:25:33,245914879112, Filled,-2,0,0.25,,245914879112,05/17/2025 14:25:33,05/17/25,5,Exit, Market,,,,,5,22489.43,22489.426730399755
245914877095,TAKEPROFIT6215420,245914877095, Buy,MNQU5,MNQ,Micro E-mini NASDAQ-100,22553.64,5,05/18/2025 15:57:28,245914877095, Filled,-2,0,0.25,,245914877095,05/18/2025 15:57:28,05/18/25,5,Tradingview, Market,,,,,5,22553.64,22553.64
245914879881,TAKEPROFIT6215420,245914879881, Sell,MNQU5,MNQ,Micro E-mini NASDAQ-100,22774.30630868471,5,05/18/2025 18:58:28,245914879881, Filled,-2,0,0.25,,245914879881,05/18/2025 18:58:28,05/18/25,5,Exit, Market,,,,,5,22774.31,22774.30630868471
245914873078,TAKEPROFIT6215437,245914873078, Buy,MNQU5,MNQ,Micro E-mini NASDAQ-100,22947.9,3,05/19/2025 12:19:40,245914873078, Filled,-2,0,0.25,,245914873078,05/19/2025 12:19:40,05/19/25,3,Tradingview, Market,,,,,3,22947.90,22947.9
245914870457,TAKEPROFIT6215424,245914870457, Buy,MNQU5,MNQ,Micro E-mini NASDAQ-100,22360.01,2,05/19/2025 13:09:24,245914870457, Filled,-2,0,0.25,,245914870457,05/19/2025 13:09:24,05/19/25,2,Tradingview, Market,,,,,2,22360.01,22360.01
245914874634,TAKEPROFIT6215437,245914874634, Sell,MNQU5,MNQ,Micro E-mini NASDAQ-100,22973.737324531376,3,05/19/2025 14:09:40,245914874634, Filled,-2,0,0.25,,245914874634,05/19/2025 14:09:40,05/19/25,3,Exit, Market,,,,,3,22973.74,22973.737324531376
245914874421,TAKEPROFIT6215424,245914874421, Sell,MNQU5,MNQ,Micro E-mini NASDAQ-100,22517.18811509325,2,05/19/2025 17:26:24,245914874421, Filled,-2,0,0.25,,245914874421,05/19/2025 17:26:24,05/19/25,2,Exit, Market,,,,,2,22517.19,22517.18811509325
245914879449,TAKEPROFIT6215430,245914879449, Buy,MNQU5,MNQ,Micro E-mini NASDAQ-100,22505.75,5,05/21/2025 10:21:58,245914879449, Filled,-2,0,0.25,,245914879449,05/21/2025 10:21:58,05/21/25,5,Tradingview, Market,,,,,5,22505.75,22505.75
245914878347,TAKEPROFIT6215427,245914878347, Buy,MNQU5,MNQ,Micro E-mini NASDAQ-100,22431.02,3,05/21/2025 10:45:47,245914878347, Filled,-2,0,0.25,,245914878347,05/21/2025 10:45:47,05/21/25,3,Tradingview, Market,,,,,3,22431.02,22431.02
245914877064,TAKEPROFIT6215423,245914877064, Buy,MNQU5,MNQ,Micro E-mini NASDAQ-100,22228.63,10,05/21/2025 12:19:00,245914877064, Filled,-2,0,0.25,,245914877064,05/21/2025 12:19:00,05/21/25,10,Tradingview, Market,,,,,10,22228.63,22228.63
245914872236,TAKEPROFIT6215423,245914872236, Sell,MNQU5,MNQ,Micro E-mini NASDAQ-100,22075.22265044715,10,05/21/2025 14:46:00,245914872236, Filled,-2,0,0.25,,245914872236,05/21/2025 14:46:00,05/21/25,10,Exit, Market,,,,,10,22075.22,22075.22265044715
245914875234,TAKEPROFIT6215430,245914875234, Sell,MNQU5,MNQ,Micro E-mini NASDAQ-100,22804.762051623347,5,05/21/2025 15:45:58,245914875234, Filled,-2,0,0.25,,245914875234,05/21/2025 15:45:58,05/21/25,5,Exit, Market,,,,,5,22804.76,22804.762051623347
245914877781,TAKEPROFIT6215427,245914877781, Sell,MNQU5,MNQ,Micro E-mini NASDAQ-100,22226.98575290241,3,05/21/2025 16:31:47,245914877781, Filled,-2,0,0.25,,245914877781,05/21/2025 16:31:47,05/21/25,3,Exit, Market,,,,,3,22226.99,22226.98575290241
245914874810,TAKEPROFIT6215431,245914874810, Buy,MNQU5,MNQ,Micro E-mini NASDAQ-100,22304.14,2,05/23/2025 13:22:50,245914874810, Filled,-2,0,0.25,,245914874810,05/23/2025 13:22:50,05/23/25,2,Tradingview, Market,,,,,2,22304.14,22304.14
245914879460,TAKEPROFIT6215431,245914879460, Sell,MNQU5,MNQ,Micro E-mini NASDAQ-100,22505.23175822749,2,05/23/2025 15:24:50,245914879460, Filled,-2,0,0.25,,245914879460,05/23/2025 15:24:50,05/23/25,2,Exit, Market,,,,,2,22505.23,22505.23175822749
245914873978,TAKEPROFIT6215432,245914873978, Buy,MNQU5,MNQ,Micro E-mini NASDAQ-100,22396.65,2,05/23/2025 15:41:23,245914873978, Filled,-2,0,0.25,,245914873978,05/23/2025 15:41:23,05/23/25,2,Tradingview, Market,,,,,2,22396.65,22396.65
245914873141,TAKEPROFIT6215432,245914873141, Sell,MNQU5,MNQ,Micro E-mini NASDAQ-100,22618.37865665665,2,05/23/2025 17:57:23,245914873141, Filled,-2,0,0.25,,245914873141,05/23/2025 17:57:23,05/23/25,2,Exit, Market,,,,,2,22618.38,22618.37865665665
245914877425,TAKEPROFIT6215419,245914877425, Buy,MNQU5,MNQ,Micro E-mini NASDAQ-100,22616.39,2,05/24/2025 09:15:52,245914877425, Filled,-2,0,0.25,,245914877425,05/24/2025 09:15:52,05/24/25,2,Tradingview, Market,,,,,2,22616.39,22616.39
245914873836,TAKEPROFIT6215419,245914873836, Sell,MNQU5,MNQ,Micro E-mini NASDAQ-100,22360.296127985777,2,05/24/2025 10:43:52,245914873836, Filled,-2,0,0.25,,245914873836,05/24/2025 10:43:52,05/24/25,2,Exit, Market,,,,,2,22360.30,22360.296127985777
245914871222,TAKEPROFIT6215437,245914871222, Buy,MNQU5,MNQ,Micro E-mini NASDAQ-100,22608.55,2,05/27/2025 11:59:24,245914871222, Filled,-2,0,0.25,,245914871222,05/27/2025 11:59:24,05/27/25,2,Tradingview, Market,,,,,2,22608.55,22608.55
245914874925,TAKEPROFIT6215437,245914874925, Sell,MNQU5,MNQ,Micro E-mini NASDAQ-100,22535.728182059975,2,05/27/2025 14:22:24,245914874925, Filled,-2,0,0.25,,245914874925,05/27/2025 14:22:24,05/27/25,2,Exit, Market,,,,,2,22535.73,22535.728182059975
245914871082,TAKEPROFIT6215420,245914871082, Buy,MNQU5,MNQ,Micro E-mini NASDAQ-100,22807.6,1,05/29/2025 09:10:15,245914871082, Filled,-2,0,0.25,,245914871082,05/29/2025 09:10:15,05/29/25,1,Tradingview, Market,,,,,1,22807.60,22807.6
245914872022,TAKEPROFIT6215420,245914872022, Sell,MNQU5,MNQ,Micro E-mini NASDAQ-100,22771.637874607517,1,05/29/2025 11:30:15,245914872022, Filled,-2,0,0.25,,245914872022,05/29/2025 11:30:15,05/29/25,1,Exit, Market,,,,,1,22771.64,22771.637874607517
245914871270,TAKEPROFIT6215433,245914871270, Buy,MNQU5,MNQ,Micro E-mini NASDAQ-100,23413.66,1,05/29/2025 15:14:32,245914871270, Filled,-2,0,0.25,,245914871270,05/29/2025 15:14:32,05/29/25,1,Tradingview, Market,,,,,1,23413.66,23413.66
245914875368,TAKEPROFIT6215433,245914875368, Sell,MNQU5,MNQ,Micro E-mini NASDAQ-100,23826.02584978007,1,05/29/2025 18:39:32,245914875368, Filled,-2,0,0.25,,245914875368,05/29/2025 18:39:32,05/29/25,1,Exit, Market,,,,,1,23826.03,23826.02584978007
245914876673,TAKEPROFIT6215427,245914876673, Buy,MNQU5,MNQ,Micro E-mini NASDAQ-100,23239.66,5,05/30/2025 11:39:44,245914876673, Filled,-2,0,0.25,,245914876673,05/30/2025 11:39:44,05/30/25,5,Tradingview, Market,,,,,5,23239.66,23239.66
245914871774,TAKEPROFIT6215426,245914871774, Buy,MNQU5,MNQ,Micro E-mini NASDAQ-100,23209.24,10,05/30/2025 13:08:07,245914871774, Filled,-2,0,0.25,,245914871774,05/30/2025 13:08:07,05/30/25,10,Tradingview, Market,,,,,10,23209.24,23209.24
245914875228,TAKEPROFIT6215437,245914875228, Buy,MNQU5,MNQ,Micro E-mini NASDAQ-100,22618.21,5,05/30/2025 13:55:47,245914875228, Filled,-2,0,0.25,,245914875228,05/30/2025 13:55:47,05/30/25,5,Tradingview, Market,,,,,5,22618.21,22618.21
245914870098,TAKEPROFIT6215437,245914870098, Sell,MNQU5,MNQ,Micro E-mini NASDAQ-100,23018.629859475383,5,05/30/2025 14:20:47,245914870098, Filled,-2,0,0.25,,245914870098,05/30/2025 14:20:47,05/30/25,5,Exit, Market,,,,,5,23018.63,23018.629859475383
245914877298,TAKEPROFIT6215427,245914877298, Sell,MNQU5,MNQ,Micro E-mini NASDAQ-100,23657.164561201993,5,05/30/2025 17:33:44,245914877298, Filled,-2,0,0.25,,245914877298,05/30/2025 17:33:44,05/30/25,5,Exit, Market,,,,,5,23657.16,23657.164561201993
245914872903,TAKEPROFIT6215426,245914872903, Sell,MNQU5,MNQ,Micro E-mini NASDAQ-100,23290.68037984231,10,05/30/2025 19:27:07,245914872903, Filled,-2,0,0.25,,245914872903,05/30/2025 19:27:07,05/30/25,10,Exit, Market,,,,,10,23290.68,23290.68037984231
245914872902,TAKEPROFIT6215426,245914872902, Buy,MNQU5,MNQ,Micro E-mini NASDAQ-100,22057.84,3,06/01/2025 09:37:43,245914872902, Filled,-2,0,0.25,,245914872902,06/01/2025 09:37:43,06/01/25,3,Tradingview, Market,,,,,3,22057.84,22057.84
245914879459,TAKEPROFIT6215418,245914879459, Buy,MNQU5,MNQ,Micro E-mini NASDAQ-100,22077.67,3,06/01/2025 09:46:11,245914879459, Filled,-2,0,0.25,,245914879459,06/01/2025 09:46:11,06/01/25,3,Tradingview, Market,,,,,3,22077.67,22077.67
245914877156,TAKEPROFIT6215418,245914877156, Sell,MNQU5,MNQ,Micro E-mini NASDAQ-100,21810.614946115737,3,06/01/2025 10:00:11,245914877156, Filled,-2,0,0.25,,245914877156,06/01/2025 10:00:11,06/01/25,3,Exit, Market,,,,,3,21810.61,21810.614946115737
245914879329,TAKEPROFIT6215426,245914879329, Sell,MNQU5,MNQ,Micro E-mini NASDAQ-100,22292.620454600685,3,06/01/2025 13:18:43,245914879329, Filled,-2,0,0.25,,245914879329,06/01/2025 13:18:43,06/01/25,3,Exit, Market,,,,,3,22292.62,22292.620454600685
245914878345,TAKEPROFIT6215424,245914878345, Buy,MNQU5,MNQ,Micro E-mini NASDAQ-100,23542.92,5,06/04/2025 14:36:04,245914878345, Filled,-2,0,0.25,,245914878345,06/04/2025 14:36:04,06/04/25,5,Tradingview, Market,,,,,5,23542.92,23542.92
245914876219,TAKEPROFIT6215428,245914876219, Buy,MNQU5,MNQ,Micro E-mini NASDAQ-100,23273.81,5,06/04/2025 15:06:25,245914876219, Filled,-2,0,0.25,,245914876219,06/04/2025 15:06:25,06/04/25,5,Tradingview, Market,,,,,5,23273.81,23273.81
245914875481,TAKEPROFIT6215424,245914875481, Sell,MNQU5,MNQ,Micro E-mini NASDAQ-100,23699.509121159783,5,06/04/2025 15:57:04,245914875481, Filled,-2,0,0.25,,245914875481,06/04/2025 15:57:04,06/04/25,5,Exit, Market,,,,,5,23699.51,23699.509121159783
245914876052,TAKEPROFIT6215428,245914876052, Sell,MNQU5,MNQ,Micro E-mini NASDAQ-100,23301.016304859662,5,06/04/2025 17:22:25,245914876052, Filled,-2,0,0.25,,245914876052,06/04/2025 17:22:25,06/04/25,5,Exit, Market,,,,,5,23301.02,23301.016304859662
245914872873,TAKEPROFIT6215421,245914872873, Buy,MNQU5,MNQ,Micro E-mini NASDAQ-100,22624.84,1,06/08/2025 09:13:02,245914872873, Filled,-2,0,0.25,,245914872873,06/08/2025 09:13:02,06/08/25,1,Tradingview, Market,,,,,1,22624.84,22624.84
245914870471,TAKEPROFIT6215421,245914870471, Sell,MNQU5,MNQ,Micro E-mini NASDAQ-100,22300.752685380423,1,06/08/2025 12:23:02,245914870471, Filled,-2,0,0.25,,245914870471,06/08/2025 12:23:02,06/08/25,1,Exit, Market,,,,,1,22300.75,22300.752685380423
245914871105,TAKEPROFIT6215423,245914871105, Buy,MNQU5,MNQ,Micro E-mini NASDAQ-100,23783.02,3,06/08/2025 14:18:49,245914871105, Filled,-2,0,0.25,,245914871105,06/08/2025 14:18:49,06/08/25,3,Tradingview, Market,,,,,3,23783.02,23783.02
245914876976,TAKEPROFIT6215423,245914876976, Sell,MNQU5,MNQ,Micro E-mini NASDAQ-100,24175.54539660271,3,06/08/2025 19:43:49,245914876976, Filled,-2,0,0.25,,245914876976,06/08/2025 19:43:49,06/08/25,3,Exit, Market,,,,,3,24175.55,24175.54539660271
245914876486,TAKEPROFIT6215430,245914876486, Buy,MNQU5,MNQ,Micro E-mini NASDAQ-100,22532.47,10,06/09/2025 12:29:52,245914876486, Filled,-2,0,0.25,,245914876486,06/09/2025 12:29:52,06/09/25,10,Tradingview, Market,,,,,10,22532.47,22532.47
245914877970,TAKEPROFIT6215430,245914877970, Sell,MNQU5,MNQ,Micro E-mini NASDAQ-100,22797.26621252588,10,06/09/2025 12:56:52,245914877970, Filled,-2,0,0.25,,245914877970,06/09/2025 12:56:52,06/09/25,10,Exit, Market,,,,,10,22797.27,22797.26621252588
245914875611,TAKEPROFIT6215418,245914875611, Buy,MNQU5,MNQ,Micro E-mini NASDAQ-100,22469.1,5,06/11/2025 13:36:31,245914875611, Filled,-2,0,0.25,,245914875611,06/11/2025 13:36:31,06/11/25,5,Tradingview, Market,,,,,5,22469.10,22469.1
245914870232,TAKEPROFIT6215418,245914870232, Sell,MNQU5,MNQ,Micro E-mini NASDAQ-100,22214.26942840173,5,06/11/2025 16:12:31,245914870232, Filled,-2,0,0.25,,245914870232,06/11/2025 16:12:31,06/11/25,5,Exit, Market,,,,,5,22214.27,22214.26942840173
245914879909,TAKEPROFIT6215421,245914879909, Buy,MNQU5,MNQ,Micro E-mini NASDAQ-100,23652.54,3,06/13/2025 09:32:39,245914879909, Filled,-2,0,0.25,,245914879909,06/13/2025 09:32:39,06/13/25,3,Tradingview, Market,,,,,3,23652.54,23652.54
245914874959,TAKEPROFIT6215421,245914874959, Sell,MNQU5,MNQ,Micro E-mini NASDAQ-100,23843.43803170545,3,06/13/2025 15:00:39,245914874959, Filled,-2,0,0.25,,245914874959,06/13/2025 15:00:39,06/13/25,3,Exit, Market,,,,,3,23843.44,23843.43803170545
245914873623,TAKEPROFIT6215432,245914873623, Buy,MNQU5,MNQ,Micro E-mini NASDAQ-100,23012.75,10,06/15/2025 12:56:23,245914873623, Filled,-2,0,0.25,,245914873623,06/15/2025 12:56:23,06/15/25,10,Tradingview, Market,,,,,10,23012.75,23012.75
245914876987,TAKEPROFIT6215428,245914876987, Buy,MNQU5,MNQ,Micro E-mini NASDAQ-100,22647.19,2,06/15/2025 13:14:52,245914876987, Filled,-2,0,0.25,,245914876987,06/15/2025 13:14:52,06/15/25,2,Tradingview, Market,,,,,2,22647.19,22647.19
245914873145,TAKEPROFIT6215432,245914873145, Sell,MNQU5,MNQ,Micro E-mini NASDAQ-100,23288.60050100953,10,06/15/2025 16:48:23,245914873145, Filled,-2,0,0.25,,245914873145,06/15/2025 16:48:23,06/15/25,10,Exit, Market,,,,,10,23288.60,23288.60050100953
245914871016,TAKEPROFIT6215428,245914871016, Sell,MNQU5,MNQ,Micro E-mini NASDAQ-100,22369.936511907294,2,06/15/2025 17:25:52,245914871016, Filled,-2,0,0.25,,245914871016,06/15/2025 17:25:52,06/15/25,2,Exit, Market,,,,,2,22369.94,22369.936511907294
245914876598,TAKEPROFIT6215419,245914876598, Buy,MNQU5,MNQ,Micro E-mini NASDAQ-100,22749.25,2,06/16/2025 10:36:06,245914876598, Filled,-2,0,0.25,,245914876598,06/16/2025 10:36:06,06/16/25,2,Tradingview, Market,,,,,2,22749.25,22749.25
245914873358,TAKEPROFIT6215419,245914873358, Sell,MNQU5,MNQ,Micro E-mini NASDAQ-100,22427.216412021768,2,06/16/2025 18:15:06,245914873358, Filled,-2,0,0.25,,245914873358,06/16/2025 18:15:06,06/16/25,2,Exit, Market,,,,,2,22427.22,22427.216412021768
245914879864,TAKEPROFIT6215426,245914879864, Buy,MNQU5,MNQ,Micro E-mini NASDAQ-100,22464.52,3,06/18/2025 09:58:16,245914879864, Filled,-2,0,0.25,,245914879864,06/18/2025 09:58:16,06/18/25,3,Tradingview, Market,,,,,3,22464.52,22464.52
245914873672,TAKEPROFIT6215427,245914873672, Buy,MNQU5,MNQ,Micro E-mini NASDAQ-100,22879.85,1,06/18/2025 11:36:20,245914873672, Filled,-2,0,0.25,,245914873672,06/18/2025 11:36:20,06/18/25,1,Tradingview, Market,,,,,1,22879.85,22879.85
245914879991,TAKEPROFIT6215426,245914879991, Sell,MNQU5,MNQ,Micro E-mini NASDAQ-100,22323.820059974994,3,06/18/2025 11:39:16,245914879991, Filled,-2,0,0.25,,245914879991,06/18/2025 11:39:16,06/18/25,3,Exit, Market,,,,,3,22323.82,22323.820059974994
245914873085,TAKEPROFIT6215425,245914873085, Buy,MNQU5,MNQ,Micro E-mini NASDAQ-100,23714.62,5,06/18/2025 15:03:59,245914873085, Filled,-2,0,0.25,,245914873085,06/18/2025 15:03:59,06/18/25,5,Tradingview, Market,,,,,5,23714.62,23714.62
245914872126,TAKEPROFIT6215420,245914872126, Buy,MNQU5,MNQ,Micro E-mini NASDAQ-100,22803.75,1,06/18/2025 15:30:45,245914872126, Filled,-2,0,0.25,,245914872126,06/18/2025 15:30:45,06/18/25,1,Tradingview, Market,,,,,1,22803.75,22803.75
245914875865,TAKEPROFIT6215427,245914875865, Sell,MNQU5,MNQ,Micro E-mini NASDAQ-100,22979.361379850263,1,06/18/2025 18:33:20,245914875865, Filled,-2,0,0.25,,245914875865,06/18/2025 18:33:20,06/18/25,1,Exit, Market,,,,,1,22979.36,22979.361379850263
245914877636,TAKEPROFIT6215425,245914877636, Sell,MNQU5,MNQ,Micro E-mini NASDAQ-100,24122.86654447425,5,06/18/2025 19:29:59,245914877636, Filled,-2,0,0.25,,245914877636,06/18/2025 19:29:59,06/18/25,5,Exit, Market,,,,,5,24122.87,24122.86654447425
245914875247,TAKEPROFIT6215420,245914875247, Sell,MNQU5,MNQ,Micro E-mini NASDAQ-100,23218.39748464018,1,06/18/2025 22:29:45,245914875247, Filled,-2,0,0.25,,245914875247,06/18/2025 22:29:45,06/18/25,1,Exit, Market,,,,,1,23218.40,23218.39748464018
245914877335,TAKEPROFIT6215434,245914877335, Buy,MNQU5,MNQ,Micro E-mini NASDAQ-100,22767.71,5,06/21/2025 11:50:27,245914877335, Filled,-2,0,0.25,,245914877335,06/21/2025 11:50:27,06/21/25,5,Tradingview, Market,,,,,5,22767.71,22767.71
245914876400,TAKEPROFIT6215434,245914876400, Sell,MNQU5,MNQ,Micro E-mini NASDAQ-100,22399.581811722397,5,06/21/2025 12:39:27,245914876400, Filled,-2,0,0.25,,245914876400,06/21/2025 12:39:27,06/21/25,5,Exit, Market,,,,,5,22399.58,22399.581811722397
245914872944,TAKEPROFIT6215421,245914872944, Buy,MNQU5,MNQ,Micro E-mini NASDAQ-100,23072.78,1,06/21/2025 14:45:36,245914872944, Filled,-2,0,0.25,,245914872944,06/21/2025 14:45:36,06/21/25,1,Tradingview, Market,,,,,1,23072.78,23072.78
245914872200,TAKEPROFIT6215420,245914872200, Buy,MNQU5,MNQ,Micro E-mini NASDAQ-100,23325.3,3,06/21/2025 15:05:36,245914872200, Filled,-2,0,0.25,,245914872200,06/21/2025 15:05:36,06/21/25,3,Tradingview, Market,,,,,3,23325.30,23325.3
245914872722,TAKEPROFIT6215421,245914872722, Sell,MNQU5,MNQ,Micro E-mini NASDAQ-100,22817.416997114953,1,06/21/2025 15:19:36,245914872722, Filled,-2,0,0.25,,245914872722,06/21/2025 15:19:36,06/21/25,1,Exit, Market,,,,,1,22817.42,22817.416997114953
245914871855,TAKEPROFIT6215420,245914871855, Sell,MNQU5,MNQ,Micro E-mini NASDAQ-100,23372.934595864244,3,06/21/2025 20:47:36,245914871855, Filled,-2,0,0.25,,245914871855,06/21/2025 20:47:36,06/21/25,3,Exit, Market,,,,,3,23372.93,23372.934595864244
245914878577,TAKEPROFIT6215422,245914878577, Buy,MNQU5,MNQ,Micro E-mini NASDAQ-100,23886.33,2,06/22/2025 13:57:10,245914878577, Filled,-2,0,0.25,,245914878577,06/22/2025 13:57:10,06/22/25,2,Tradingview, Market,,,,,2,23886.33,23886.33
245914877586,TAKEPROFIT6215422,245914877586, Sell,MNQU5,MNQ,Micro E-mini NASDAQ-100,23540.473266035355,2,06/22/2025 21:48:10,245914877586, Filled,-2,0,0.25,,245914877586,06/22/2025 21:48:10,06/22/25,2,Exit, Market,,,,,2,23540.47,23540.473266035355
245914879335,TAKEPROFIT6215437,245914879335, Buy,MNQU5,MNQ,Micro E-mini NASDAQ-100,22981.87,10,06/24/2025 11:24:45,245914879335, Filled,-2,0,0.25,,245914879335,06/24/2025 11:24:45,06/24/25,10,Tradingview, Market,,,,,10,22981.87,22981.87
245914877739,TAKEPROFIT6215418,245914877739, Buy,MNQU5,MNQ,Micro E-mini NASDAQ-100,23530.15,10,06/24/2025 13:52:36,245914877739, Filled,-2,0,0.25,,245914877739,06/24/2025 13:52:36,06/24/25,10,Tradingview, Market,,,,,10,23530.15,23530.15
245914879392,TAKEPROFIT6215437,245914879392, Sell,MNQU5,MNQ,Micro E-mini NASDAQ-100,22788.980738832804,10,06/24/2025 15:07:45,245914879392, Filled,-2,0,0.25,,245914879392,06/24/2025 15:07:45,06/24/25,10,Exit, Market,,,,,10,22788.98,22788.980738832804
245914877993,TAKEPROFIT6215418,245914877993, Sell,MNQU5,MNQ,Micro E-mini NASDAQ-100,23757.319078974466,10,06/24/2025 15:20:36,245914877993, Filled,-2,0,0.25,,245914877993,06/24/2025 15:20:36,06/24/25,10,Exit, Market,,,,,10,23757.32,23757.319078974466
245914874691,TAKEPROFIT6215425,245914874691, Buy,MNQU5,MNQ,Micro E-mini NASDAQ-100,23719.81,2,06/26/2025 15:13:01,245914874691, Filled,-2,0,0.25,,245914874691,06/26/2025 15:13:01,06/26/25,2,Tradingview, Market,,,,,2,23719.81,23719.81
245914878225,TAKEPROFIT6215425,245914878225, Sell,MNQU5,MNQ,Micro E-mini NASDAQ-100,23641.431239685873,2,06/26/2025 21:50:01,245914878225, Filled,-2,0,0.25,,245914878225,06/26/2025 21:50:01,06/26/25,2,Exit, Market,,,,,2,23641.43,23641.431239685873
245914878652,TAKEPROFIT6215422,245914878652, Buy,MNQU5,MNQ,Micro E-mini NASDAQ-100,23412.61,10,06/27/2025 13:33:02,245914878652, Filled,-2,0,0.25,,245914878652,06/27/2025 13:33:02,06/27/25,10,Tradingview, Market,,,,,10,23412.61,23412.61
245914878988,TAKEPROFIT6215425,245914878988, Buy,MNQU5,MNQ,Micro E-mini NASDAQ-100,22781.72,1,06/27/2025 14:30:12,245914878988, Filled,-2,0,0.25,,245914878988,06/27/2025 14:30:12,06/27/25,1,Tradingview, Market,,,,,1,22781.72,22781.72
245914875357,TAKEPROFIT6215425,245914875357, Sell,MNQU5,MNQ,Micro E-mini NASDAQ-100,22760.708126773337,1,06/27/2025 14:49:12,245914875357, Filled,-2,0,0.25,,245914875357,06/27/2025 14:49:12,06/27/25,1,Exit, Market,,,,,1,22760.71,22760.708126773337
245914878428,TAKEPROFIT6215422,245914878428, Sell,MNQU5,MNQ,Micro E-mini NASDAQ-100,23595.224076447856,10,06/27/2025 15:17:02,245914878428, Filled,-2,0,0.25,,245914878428,06/27/2025 15:17:02,06/27/25,10,Exit, Market,,,,,10,23595.22,23595.224076447856
245914874478,TAKEPROFIT6215435,245914874478, Buy,MNQU5,MNQ,Micro E-mini NASDAQ-100,22004.74,1,06/28/2025 10:16:35,245914874478, Filled,-2,0,0.25,,245914874478,06/28/2025 10:16:35,06/28/25,1,Tradingview, Market,,,,,1,22004.74,22004.74
245914875225,TAKEPROFIT6215419,245914875225, Buy,MNQU5,MNQ,Micro E-mini NASDAQ-100,22611.15,1,06/28/2025 12:02:53,245914875225, Filled,-2,0,0.25,,245914875225,06/28/2025 12:02:53,06/28/25,1,Tradingview, Market,,,,,1,22611.15,22611.15
245914879527,TAKEPROFIT6215435,245914879527, Sell,MNQU5,MNQ,Micro E-mini NASDAQ-100,21914.231629376663,1,06/28/2025 15:00:35,245914879527, Filled,-2,0,0.25,,245914879527,06/28/2025 15:00:35,06/28/25,1,Exit, Market,,,,,1,21914.23,21914.231629376663
245914870537,TAKEPROFIT6215419,245914870537, Sell,MNQU5,MNQ,Micro E-mini NASDAQ-100,22754.12551484908,1,06/28/2025 15:48:53,245914870537, Filled,-2,0,0.25,,245914870537,06/28/2025 15:48:53,06/28/25,1,Exit, Market,,,,,1,22754.13,22754.12551484908
245914872992,TAKEPROFIT6215423,245914872992, Buy,MNQU5,MNQ,Micro E-mini NASDAQ-100,23935.84,1,06/30/2025 12:46:27,245914872992, Filled,-2,0,0.25,,245914872992,06/30/2025 12:46:27,06/30/25,1,Tradingview, Market,,,,,1,23935.84,23935.84
245914874443,TAKEPROFIT6215423,245914874443, Sell,MNQU5,MNQ,Micro E-mini NASDAQ-100,24184.190846801393,1,06/30/2025 14:25:27,245914874443, Filled,-2,0,0.25,,245914874443,06/30/2025 14:25:27,06/30/25,1,Exit, Market,,,,,1,24184.19,24184.190846801393
245914874778,TAKEPROFIT6215436,245914874778, Buy,MNQU5,MNQ,Micro E-mini NASDAQ-100,23577.34,5,07/01/2025 11:38:21,245914874778, Filled,-2,0,0.25,,245914874778,07/01/2025 11:38:21,07/01/25,5,Tradingview, Market,,,,,5,23577.34,23577.34
245914877920,TAKEPROFIT6215436,245914877920, Sell,MNQU5,MNQ,Micro E-mini NASDAQ-100,23193.74481876537,5,07/01/2025 14:48:21,245914877920, Filled,-2,0,0.25,,245914877920,07/01/2025 14:48:21,07/01/25,5,Exit, Market,,,,,5,23193.74,23193.74481876537
245914877442,TAKEPROFIT6215428,245914877442, Buy,MNQU5,MNQ,Micro E-mini NASDAQ-100,22293.67,3,07/02/2025 09:57:35,245914877442, Filled,-2,0,0.25,,245914877442,07/02/2025 09:57:35,07/02/25,3,Tradingview, Market,,,,,3,22293.67,22293.67
245914873131,TAKEPROFIT6215428,245914873131, Sell,MNQU5,MNQ,Micro E-mini NASDAQ-100,22079.27240661556,3,07/02/2025 12:17:35,245914873131, Filled,-2,0,0.25,,245914873131,07/02/2025 12:17:35,07/02/25,3,Exit, Market,,,,,3,22079.27,22079.27240661556
245914879183,TAKEPROFIT6215419,245914879183, Buy,MNQU5,MNQ,Micro E-mini NASDAQ-100,22428.59,10,07/02/2025 15:41:31,245914879183, Filled,-2,0,0.25,,245914879183,07/02/2025 15:41:31,07/02/25,10,Tradingview, Market,,,,,10,22428.59,22428.59
245914874510,TAKEPROFIT6215419,245914874510, Sell,MNQU5,MNQ,Micro E-mini NASDAQ-100,22702.14878605401,10,07/02/2025 16:25:31,245914874510, Filled,-2,0,0.25,,245914874510,07/02/2025 16:25:31,07/02/25,10,Exit, Market,,,,,10,22702.15,22702.14878605401
245914879767,TAKEPROFIT6215429,245914879767, Buy,MNQU5,MNQ,Micro E-mini NASDAQ-100,22704.35,5,07/03/2025 09:19:37,245914879767, Filled,-2,0,0.25,,245914879767,07/03/2025 09:19:37,07/03/25,5,Tradingview, Market,,,,,5,22704.35,22704.35
245914874569,TAKEPROFIT6215429,245914874569, Sell,MNQU5,MNQ,Micro E-mini NASDAQ-100,22443.492056501946,5,07/03/2025 12:39:37,245914874569, Filled,-2,0,0.25,,245914874569,07/03/2025 12:39:37,07/03/25,5,Exit, Market,,,,,5,22443.49,22443.492056501946
245914874377,TAKEPROFIT6215431,245914874377, Buy,MNQU5,MNQ,Micro E-mini NASDAQ-100,22730.9,5,07/03/2025 13:04:35,245914874377, Filled,-2,0,0.25,,245914874377,07/03/2025 13:04:35,07/03/25,5,Tradingview, Market,,,,,5,22730.90,22730.9
245914878318,TAKEPROFIT6215431,245914878318, Sell,MNQU5,MNQ,Micro E-mini NASDAQ-100,22868.67036186107,5,07/03/2025 15:38:35,245914878318, Filled,-2,0,0.25,,245914878318,07/03/2025 15:38:35,07/03/25,5,Exit, Market,,,,,5,22868.67,22868.67036186107
